sentence_id,article_id,publisher,sentence_text,gpt_tone,gpt_type,gpt_focus,type,tone,focus
407a3f18c49c63bc09cc11a57073dcb6,01b0d8ea3c0d1f16a6eb6564ea04dd48,apnews,"LOS ANGELES () — Prosecutors will recommend Erik and Lyle Menendez be resentenced for the 1989 killings of their parents in the family’s Beverly Hills home, providing the brothers with a chance at freedom after 34 years behind bars.",neutral,fact,neither,fact,positive,neither
9225d1a5c485fae76af2f12412131ef1,01b0d8ea3c0d1f16a6eb6564ea04dd48,apnews,Los Angeles County District Attorney George Gascón announced during a Thursday news conference that his office would recommend the brothers be sentenced to 50 years to life.,neutral,fact,neither,fact,neutral,democrat
86aa33c0a422ab14368a14d31fb40c99,01b0d8ea3c0d1f16a6eb6564ea04dd48,apnews,"Because they were under 26 years old at the time of the crimes, they will be eligible for parole immediately, he said.",neutral,fact,neither,quote,positive,neither
3f917c02ab8968d3366904957f63841c,01b0d8ea3c0d1f16a6eb6564ea04dd48,apnews,"“I came to a place where I believe, under the law, resentencing is propriate,” Gascón said.",neutral,quote,neither,quote,neutral,democrat
d7747138e70d8fb360d154dd440d987e,01b0d8ea3c0d1f16a6eb6564ea04dd48,apnews,He said some members of his office oppose the decision.,neutral,fact,neither,fact,neutral,democrat
b93dcc38445ed0697a799b76a5cb21e4,01b0d8ea3c0d1f16a6eb6564ea04dd48,apnews,Prosecutors will file the petition on Friday and a hearing before a judge could come within the next month or so.,neutral,fact,neither,fact,neutral,neither
671e412f6a343ea04ba3be467d87acbe,01b0d8ea3c0d1f16a6eb6564ea04dd48,apnews,The Menendez brothers were sentenced in 1996 to life in prison without the possibility of parole.,neutral,fact,neither,fact,negative,neither
80cc0846e52ade3e6e55a14beafb4f3d,01b0d8ea3c0d1f16a6eb6564ea04dd48,apnews,"Lyle Menendez, then 21, and Erik Menendez, then 18, admitted they fatally shot their entertainment executive father, Jose Menendez, and their mother, Kitty Menendez.",neutral,fact,neither,fact,negative,neither
1cbd7da4699879b7cd2246dd3db14412,01b0d8ea3c0d1f16a6eb6564ea04dd48,apnews,The brothers said they feared their parents were about to kill them to stop people from finding out that Jose Menendez had sexually abused Erik Menendez for years.,neutral,fact,neither,fact,negative,neither
a0c5206216cac41e8e29ebac3b38008e,01b0d8ea3c0d1f16a6eb6564ea04dd48,apnews,Family largely united in asking for brothers’ freedom,neutral,fact,neither,fact,positive,neither
f1d5ba7e11d1b86d0eb70f80465b3b83,01b0d8ea3c0d1f16a6eb6564ea04dd48,apnews,"The brothers’ extended family has pleaded for their release, saying they deserve to be free after decades behind bars.",neutral,fact,neither,fact,positive,neither
06a826d890d895bcc9868687e4e2dc6a,01b0d8ea3c0d1f16a6eb6564ea04dd48,apnews,Several family members have said that in today’s world — which is more aware of the impact of sexual abuse — the brothers would not have been convicted of first-degree murder and sentenced to life.,neutral,opinion,neither,fact,neutral,neither
e1100360ff3f26087cc4502abee768b8,01b0d8ea3c0d1f16a6eb6564ea04dd48,apnews,"Multiple members of their extended family, including their aunt Joan Andersen VanderMolen, sat in the first few rows of Thursday’s news conference.",neutral,fact,neither,fact,neutral,neither
dfe08c97839366c30df6393fbdaeac1c,01b0d8ea3c0d1f16a6eb6564ea04dd48,apnews,VanderMolen was Kitty Menendez’s sister and has publicly supported their release.,neutral,fact,neither,fact,positive,neither
ec4f18c1e8dc18ec5df6e19801553138,01b0d8ea3c0d1f16a6eb6564ea04dd48,apnews,"Mark Geragos, an attorney for the brothers, was also there.",neutral,fact,neither,fact,neutral,neither
fa401dc893cdd11f332a6a5e33bf9206,01b0d8ea3c0d1f16a6eb6564ea04dd48,apnews,"Anamaria Baralt, a niece of Jose Menendez, said the district attorney’s “brave and necessary” decision means “Lyle and Erik can finally begin to heal from the trauma of their past.”",positive,quote,neither,fact,positive,neither
a5bff2591973943de43aeb45ac9db4ab,01b0d8ea3c0d1f16a6eb6564ea04dd48,apnews,"The Menendez brothers were tried twice for their parents’ murders, with the first trial ending in a hung jury.",neutral,fact,neither,fact,negative,neither
28eb5ce97045ad11471a0cd5e479c450,01b0d8ea3c0d1f16a6eb6564ea04dd48,apnews,"Prosecutors at the time contended that there was no evidence of molestation, and many details in their story of sexual abuse were not permitted in the second trial.",neutral,fact,neither,fact,negative,neither
7ed98905e95ae1333724bef964f103b0,01b0d8ea3c0d1f16a6eb6564ea04dd48,apnews,The district attorney’s office also said back then that the brothers were after their parents’ multimillion-dollar estate.,neutral,fact,neither,fact,neutral,neither
8cb7c55df65e818353a5cbd7dcc4f892,01b0d8ea3c0d1f16a6eb6564ea04dd48,apnews,District attorney believes Erik and Lyle ‘paid their debt’Gascón said he made the final decision only an hour before the news conference and that family members were told just minutes before.,neutral,fact,neither,fact,neutral,democrat
d02359f58c07399c1d6a37917dd6b0cf,01b0d8ea3c0d1f16a6eb6564ea04dd48,apnews,"Despite their life sentences, Gascón said the brothers worked on redemption and rehabilitation inside prison.",neutral,fact,neither,fact,positive,democrat
54b8954695c9e8b42dfa3204a3c6a1d0,01b0d8ea3c0d1f16a6eb6564ea04dd48,apnews,"“I believe that they have paid their debt to society,” he said.",neutral,quote,neither,quote,neutral,neither
8c996099847f9a5e63f6463e835b79c1,01b0d8ea3c0d1f16a6eb6564ea04dd48,apnews,Not all Menendez family members support resentencing.,neutral,fact,neither,fact,neutral,neither
418777a0793bc55be1bf53a9c296c1ad,01b0d8ea3c0d1f16a6eb6564ea04dd48,apnews,"Attorneys for Milton Andersen, the 90-year-old brother of Kitty Menendez, filed a legal brief asking the court to keep the brothers’ original punishment.",neutral,fact,neither,fact,neutral,neither
e766fcd3e6c9fbf8b05963f36a115f36,01b0d8ea3c0d1f16a6eb6564ea04dd48,apnews,"“They shot their mother, Kitty, reloading to ensure her death,” Andersen’s attorneys said in a statement Thursday.",negative,quote,neither,quote,negative,neither
e2e848b6a6844f2a4d444971c2ec0a30,01b0d8ea3c0d1f16a6eb6564ea04dd48,apnews,"“The evidence remains overwhelmingly clear: the jury’s verdict was just, and the punishment fits the heinous crime.”",negative,quote,neither,quote,negative,neither
b9de9979a7bf45ad9a721028d468aff6,01b0d8ea3c0d1f16a6eb6564ea04dd48,apnews,"Though Kitty Menendez was not accused of abusing her sons, she pears to have facilitated the abuse, according to her sons’ legal filings.",neutral,fact,neither,fact,negative,neither
600a8f530342bccd6118d654c20d4f53,01b0d8ea3c0d1f16a6eb6564ea04dd48,apnews,One cousin testified during the brothers’ first trial that Lyle told her he was too scared to sleep in his room because his father would come in and touch his genitals.,neutral,fact,neither,fact,negative,neither
a5ce215db6938ef6bcc7a5783a59aa61,01b0d8ea3c0d1f16a6eb6564ea04dd48,apnews,"When the cousin told Kitty Menendez, she “angrily dragged Lyle upstairs by his arm,” the petition said.",neutral,quote,neither,fact,neutral,neither
7cf18e3048bfa4a58d193c0296e6a845,01b0d8ea3c0d1f16a6eb6564ea04dd48,apnews,"Another family member testified that when Jose Menendez was in the bedroom with one of the boys, no one was allowed to walk down the hallway outside.",neutral,fact,neither,fact,neutral,neither
b50564a85525578076ebda9f3972d055,01b0d8ea3c0d1f16a6eb6564ea04dd48,apnews,Could an election turn the tide again?,neutral,borderline,neither,other,neutral,neither
e3b590b1e0fab51d248653f2cd406d41,01b0d8ea3c0d1f16a6eb6564ea04dd48,apnews,The LA district attorney is in the middle of a tough reelection fight against former federal prosecutor Nathan Hochman who has blamed Gascón’s progressive reform policies for recent high-profile murders and increased retail crime.,neutral,fact,neither,fact,neutral,both
e4bad3a857531b9c00968128a9776057,01b0d8ea3c0d1f16a6eb6564ea04dd48,apnews,"Gascón said Thursday that his office has recommended resentencing for some 300 offenders, including people behind bars for murder.",neutral,fact,neither,fact,neutral,democrat
7f196a486510850a65d580dcab901b92,01b0d8ea3c0d1f16a6eb6564ea04dd48,apnews,"Hochman on Thursday questioned the timing of the Gascón’s announcement, coming less than two weeks before the election and calling it a “desperate political move.”",negative,quote,neither,fact,neutral,both
6103c40894f0d5f03c83e949354edefc,01b0d8ea3c0d1f16a6eb6564ea04dd48,apnews,He said he is unable to form his own opinion on the case without access to confidential records and relevant witnesses.,neutral,quote,neither,fact,neutral,neither
70b8046fb9b3701f033eb009e3e1a8c9,01b0d8ea3c0d1f16a6eb6564ea04dd48,apnews,"“If I become DA and the case is still pending at that time, I will conduct a review consistent with how I would review any case,” Hochman said.",neutral,quote,neither,quote,neutral,republican
f3cac29d659b767c647bfc950ea0111e,01b0d8ea3c0d1f16a6eb6564ea04dd48,apnews,The Menendez case has gained new traction in recent weeks after Netflix began streaming the true-crime drama “ Monsters: The Lyle and Erik Menendez Story.,neutral,quote,neither,fact,neutral,neither
eb491824342a324905f0c25379f2f087,01b0d8ea3c0d1f16a6eb6564ea04dd48,apnews,”The evidence under prosecutorial review included a letter written by Erik Menendez that his attorneys say corroborates the allegations that he was sexually abused by his father.,neutral,quote,neither,fact,negative,neither
69fe21525d45205c7e014a2f83acf1d4,01b0d8ea3c0d1f16a6eb6564ea04dd48,apnews,"Roy Rossello, a former member of the Latin pop group Menudo, also recently came forward saying he was drugged and red by Jose Menendez, the boys’ father, when he was a teen in the 1980s.",neutral,fact,neither,fact,negative,neither
f5fc1442b9151fc7ee22998dad071079,01b0d8ea3c0d1f16a6eb6564ea04dd48,apnews,"Menudo was signed under RCA Records, which Jose Menendez headed at the time.",neutral,fact,neither,fact,neutral,neither
c3236a8889665b04acef80b53dd2e380,01b0d8ea3c0d1f16a6eb6564ea04dd48,apnews,Rossello spoke about his abuse in the 2023 Peacock docuseries “Menendez + Menudo: Boys Betrayed.”,neutral,quote,neither,fact,neutral,neither
503f355d6b67a3deff2281f4a5e231a6,01b0d8ea3c0d1f16a6eb6564ea04dd48,apnews,"His allegations are part of the evidence listed in the petition filed last year by the Menendez brothers’ attorney, seeking a review of their case.",neutral,fact,neither,fact,neutral,neither
0b039811a5168d4eae987365119b527f,01b0d8ea3c0d1f16a6eb6564ea04dd48,apnews,Rossello’s assertion that he was red twice by Jose Menendez is part of the Menendez brothers’ petition.,neutral,fact,neither,fact,neutral,neither
0427285aa30d206b63b7e0cb52a14a73,01b0d8ea3c0d1f16a6eb6564ea04dd48,apnews,___,neutral,other,neither,other,neutral,neither
c779d5a69f621431fbb3f103a9c29e82,01b0d8ea3c0d1f16a6eb6564ea04dd48,apnews,This story corrects the spelling of Milton Andersen’s name.,neutral,fact,neither,fact,neutral,neither
46c0579d39fdcf25ee20933c70de06a0,01b0d8ea3c0d1f16a6eb6564ea04dd48,apnews,It is not Anderson.,neutral,fact,neither,fact,neutral,neither
2f940e908c969c7cc37aa82c5b83cc55,046b8819d2e6f5f8821c6fc59e790bc4,apnews,WASHINGTON () —,neutral,other,neither,other,neutral,neither
2e678dbc1d3c5f8777e73b58424a7c5f,046b8819d2e6f5f8821c6fc59e790bc4,apnews,"As a presidential race profoundly shed by Americans’ frustration with high prices nears its end, the government said Thursday that an inflation gauge closely watched by the Federal Reserve has dropped to near pre-pandemic levels.",neutral,fact,neither,fact,negative,neither
c0f99f7ef58add0845ad22eba783d459,046b8819d2e6f5f8821c6fc59e790bc4,apnews,"The Commerce Department reported that prices rose just 2.1% in September from a year earlier, down from a 2.3% rise in August.",neutral,fact,neither,fact,positive,neither
ff6fa2cd8baa5cd6f5a77b1302e96898,046b8819d2e6f5f8821c6fc59e790bc4,apnews,"That is barely above the Fed’s 2% inflation target and in line with readings in 2018, well before prices began surging after the pandemic recession.",neutral,fact,neither,fact,positive,neither
8619065478abac547c00097d6a18861a,046b8819d2e6f5f8821c6fc59e790bc4,apnews,Yet some signs of inflation pressures remained.,neutral,fact,neither,fact,negative,neither
6bb7bb58f193e717db0d3c930545de52,046b8819d2e6f5f8821c6fc59e790bc4,apnews,"Excluding volatile food and energy costs, so-called core prices rose 2.7% in September from a year earlier for the third straight month.",neutral,fact,neither,fact,neutral,neither
d1f5c5be5b2451335b2e2ddeb3de2f96,046b8819d2e6f5f8821c6fc59e790bc4,apnews,"On a monthly basis, core prices rose 0.3% from August to September, up from 0.2% from July to August.",neutral,fact,neither,fact,neutral,neither
35064a3c110c785d49dd825384feac91,046b8819d2e6f5f8821c6fc59e790bc4,apnews,The increase in the core rate is higher than the Fed would prefer.,neutral,fact,neither,fact,neutral,neither
b62de0f32dc198797fa4bc985236026c,046b8819d2e6f5f8821c6fc59e790bc4,apnews,"Still, for the past six months, core inflation has declined to a 2.3% annual rate, down from 2.5% in August.",neutral,fact,neither,fact,positive,neither
3cb52540b760db903f429fe6eaff7382,046b8819d2e6f5f8821c6fc59e790bc4,apnews,And economists still expect the Fed to cut its key rate by a quarter-point when it meets next week.,neutral,fact,neither,opinion,neutral,neither
230116e070e41c4b9e0e955549961ad1,046b8819d2e6f5f8821c6fc59e790bc4,apnews,"“It’s essentially the soft landing that many of us dreamed of,” said Gregory Daco, chief economist at the tax and accounting firm EY, referring to a scenario in which high interest rates manage to tame inflation without causing a recession.",positive,quote,neither,quote,neutral,neither
fc0eaf182edbd6650a7457dcbf0bad78,046b8819d2e6f5f8821c6fc59e790bc4,apnews,"“You really have the best of both worlds, with consumer spending growth remaining resilient and inflation moving within striking distance of the Fed’s 2% target.”",positive,quote,neither,quote,positive,neither
ba8e53e1f12cfd4fe4aa9317e652ef35,046b8819d2e6f5f8821c6fc59e790bc4,apnews,"A separate measure of worker pay that the government issued Thursday — the employment cost index — showed that wages and benefits grew just 0.8% in the July-September quarter, the slowest such pace in three years.",neutral,fact,neither,fact,neutral,neither
89942629832fa6b066375bb938203bed,046b8819d2e6f5f8821c6fc59e790bc4,apnews,"Measured from the same quarter a year earlier, workers’ paychecks, excluding government employees, rose 3.8%, a pace consistent with the Fed’s inflation target, Daco said.",neutral,fact,neither,quote,positive,neither
0796e891e39cc56931ad312ac4cf7ba1,046b8819d2e6f5f8821c6fc59e790bc4,apnews,"Though faster wage growth provides a boost for workers, it can also fuel inflation if companies pass on their higher labor costs to consumers by raising prices.",neutral,fact,neither,fact,neutral,neither
0d672e155f4cbb7f39ec470b1664af87,046b8819d2e6f5f8821c6fc59e790bc4,apnews,"Taken as a whole, the latest signs of a sustained cooling of inflation arrive five days before an election in which many voters have soured on the economy, mostly because average prices remain nearly 20% higher than they were four years ago.",negative,fact,neither,fact,neutral,neither
090910a0b0e75fc7e0b03ec3db0eb9f0,046b8819d2e6f5f8821c6fc59e790bc4,apnews,Former President Donald Trump has largely blamed the Biden-Harris administration’s energy policies and promised that inflation would “ vanish completely ” if he is elected.,negative,fact,republican,fact,neutral,both
e1080060213973fd8c6cf0bd2b37b5b7,046b8819d2e6f5f8821c6fc59e790bc4,apnews,Vice President Kamala Harris has promised to ban price gouging for groceries and to reduce child care and health care costs.,neutral,fact,democrat,fact,positive,democrat
939609d079c070011676becebfade99e,046b8819d2e6f5f8821c6fc59e790bc4,apnews,"Economists say Trump’s policies would actually worsen inflation, mainly because of his plans to impose sweeping new tariffs and embark on mass deportations of migrants and other immigrants.",negative,fact,republican,fact,negative,republican
122954f1176144b672f998259b314278,046b8819d2e6f5f8821c6fc59e790bc4,apnews,"Harris’ proposals on price gouging, experts have said, would have little short-term impact.",neutral,fact,democrat,fact,neutral,democrat
3dfddbce8eebecd7a709aadea243df48,046b8819d2e6f5f8821c6fc59e790bc4,apnews,"Thursday’s report also showed that Americans remain confident enough in their finances to keep shopping: Spending jumped 0.5% from August to September, which helped the economy expand at a healthy clip in the July-September quarter.",positive,fact,neither,fact,positive,neither
b49d8b4809175a8e5dc1f857b28b0f7b,046b8819d2e6f5f8821c6fc59e790bc4,apnews,"Incomes rose more slowly last month, the government said, rising just 0.3%.",neutral,fact,neither,fact,neutral,neither
1f3aad75092993275e24f98d172e4212,046b8819d2e6f5f8821c6fc59e790bc4,apnews,"In response, Americans cut back on their savings, leaving the savings rate at 4.6%, down from 4.8% the previous month.",neutral,fact,neither,fact,neutral,neither
d777df9ba4f45f60c251a4a85e1a7878,046b8819d2e6f5f8821c6fc59e790bc4,apnews,"On a monthly basis, prices inched up 0.2% from August to September, up slightly from a 0.1% increase from July to August.",neutral,fact,neither,fact,neutral,neither
5e3a217a2d0143cc1dddbf44fb7c9790,046b8819d2e6f5f8821c6fc59e790bc4,apnews,"Inflation peaked at 7.1% in June 2022 after the economy had accelerated out of the pandemic recession at a time of severe shortages of parts and labor, according to the gauge released Thursday, called the personal consumption expenditures price index.",neutral,fact,neither,fact,negative,neither
b2637b7225fbe3fef7ac2057a209791d,046b8819d2e6f5f8821c6fc59e790bc4,apnews,"Inflation has steadily cooled over the past two years after supply chains recovered from the pandemic disruptions and the Fed jacked up its key interest rate to a four-decade high, depressing home sales and auto purchases.",neutral,fact,neither,fact,positive,neither
5ec57d17e139177c78f53cc3ce741653,046b8819d2e6f5f8821c6fc59e790bc4,apnews,The Fed tends to favor the inflation gauge that the government issued Thursday — the personal consumption expenditures price index — over the better-known consumer price index.,neutral,fact,neither,opinion,neutral,neither
22bdd1726fc0f2a767bd9ef52f0564f6,046b8819d2e6f5f8821c6fc59e790bc4,apnews,The PCE index tries to account for changes in how people shop when inflation jumps.,neutral,fact,neither,fact,neutral,neither
c2715acbdb6822995dd785f30baa676b,046b8819d2e6f5f8821c6fc59e790bc4,apnews,"It can cture, for example, when consumers switch from pricier national brands to cheer store brands.",neutral,fact,neither,fact,neutral,neither
e460d66709953a9e98bf34873fe1aa89,046b8819d2e6f5f8821c6fc59e790bc4,apnews,"In general, the PCE index tends to show a lower inflation rate than CPI.",neutral,fact,neither,fact,neutral,neither
2b802fded263753c8540665af7ead070,046b8819d2e6f5f8821c6fc59e790bc4,apnews,"In part, that’s because rents, which have been high, carry double the weight in the CPI that they do in the index released Friday.",neutral,fact,neither,fact,neutral,neither
cf96e10a372943837253bf3574c51333,046b8819d2e6f5f8821c6fc59e790bc4,apnews,Chair Jerome Powell signaled in late August that the Fed is increasingly confident that inflation is coming under control.,neutral,fact,neither,fact,positive,neither
667cbacd6b0b1db2e8ba5de4a28fceaa,046b8819d2e6f5f8821c6fc59e790bc4,apnews,And hiring weakened in July and August.,neutral,fact,neither,fact,negative,neither
6ef3a48c9d33ac543b7bf10b362ec858,046b8819d2e6f5f8821c6fc59e790bc4,apnews,Those trends led the Fed to cut its key rate by an outsize half-point last month.,neutral,fact,neither,fact,neutral,neither
af10cb8607cecda37a476440a71800dc,046b8819d2e6f5f8821c6fc59e790bc4,apnews,"With inflation continuing to slow, the Fed is expected to further reduce its rate by a quarter-point in November and likely by another quarter-point in December.",neutral,fact,neither,opinion,neutral,neither
c62e14c96d88a484f098ad873db8e32b,046b8819d2e6f5f8821c6fc59e790bc4,apnews,"The outlook for future rate cuts isn’t quite clear, though.",neutral,fact,neither,opinion,neutral,neither
a0079678abf25f37da618b4d73068abc,046b8819d2e6f5f8821c6fc59e790bc4,apnews,"Hiring rebounded sharply in September, and the unemployment rate fell to a low 4.1%, evidence that the job market may be stronger than it had peared last summer.",neutral,fact,neither,fact,positive,neither
f60cc68115cb69f8159bcf1e0b1dba8f,046b8819d2e6f5f8821c6fc59e790bc4,apnews,Retail sales also rose last month.,neutral,fact,neither,fact,positive,neither
69663cf01fd787e02f0530797c539d35,046b8819d2e6f5f8821c6fc59e790bc4,apnews,"And on Wednesday, the government estimated that the economy expanded at a 2.8% annual rate in the July-September quarter, a solid pace, fueled by strong consumer spending.",positive,fact,neither,fact,positive,neither
be2dc90166466913b5880aee2e2b6164,046b8819d2e6f5f8821c6fc59e790bc4,apnews,The upbeat economic data has sparked some speculation that the Fed might decide to skip a rate reduction in December or cut rates more slowly next year.,neutral,fact,neither,opinion,neutral,neither
26a3fc5b02aaaebe3888c5912694e1b9,046b8819d2e6f5f8821c6fc59e790bc4,apnews,"On Friday, the government will issue its last major economic data before the presidential election: the October jobs report.",neutral,fact,neither,fact,neutral,neither
df5ae1ce4917225fd348fa2b4455e7d8,046b8819d2e6f5f8821c6fc59e790bc4,apnews,"It is likely to provide a more muddled picture than usual of the labor market, because Hurricanes Helene and Milton are thought to have caused tens of thousands of workers to lose their jobs, at least temporarily.",neutral,fact,neither,fact,negative,neither
99de930809dceea7cce5acf5bb072c51,06a99d616ad7ab7f9720f2cf4dee28eb,washingtonpost,"Football teams I root for have a maddening habit of following up a big play with a sack, a tackle for a loss, or some setback that erases the gain and leaves things no better than before.",negative,opinion,neither,opinion,neutral,neither
cfc592e6aa93e1f072e95db3432b7362,06a99d616ad7ab7f9720f2cf4dee28eb,washingtonpost,"Those of us who have been dejected by the nation’s long slide into cultural bullying and censorship have seen some highly encouraging gains lately, but experience has taught us to keep our hopes under control.",neutral,opinion,neither,opinion,negative,neither
508e26966cdcae1205aeb0b146e0a893,06a99d616ad7ab7f9720f2cf4dee28eb,washingtonpost,"Team Freedom has had a long losing streak, and it will take more than a few first downs to prove that free expression and inquiry are truly back in the game.",negative,opinion,neither,opinion,neutral,neither
cb075a323711799fefed6d566d0bce39,06a99d616ad7ab7f9720f2cf4dee28eb,washingtonpost,"Certainly, the score looks closer in both of the principal arenas of combat.",neutral,opinion,neither,opinion,neutral,neither
a6ae119ad2602dc7e76711c4f61ad01a,06a99d616ad7ab7f9720f2cf4dee28eb,washingtonpost,"In academe, the shocking losses of the past school year forced a number of coaching changes and new policies that, if stood by and enforced, will make for freer campus environments.",neutral,fact,neither,opinion,neutral,neither
1be6aa36a76dd36628f1f7d38a1429b4,06a99d616ad7ab7f9720f2cf4dee28eb,washingtonpost,"Dozens of schools, including the University of Southern California and Columbia University, have discovered the propriety, and the safety, of institutional neutrality on matters unrelated to their enterprises and missions.",neutral,fact,neither,fact,neutral,neither
9ceb6c1afba787b532cad24b57898846,06a99d616ad7ab7f9720f2cf4dee28eb,washingtonpost,Many have belatedly deciphered the simple distinction between speech and conduct.,neutral,fact,neither,fact,neutral,neither
fd1a7a40a885a2a7565b803f941c8110,06a99d616ad7ab7f9720f2cf4dee28eb,washingtonpost,Schools including the University of Pennsylvania and Harvard University have banned the encampments and blockades of buildings about which they “negotiated” a few months back.,neutral,fact,neither,fact,neutral,neither
0b96b1888f9a8640f81a84fa62021bd6,06a99d616ad7ab7f9720f2cf4dee28eb,washingtonpost,"In the corporate world, the shift seems even more pronounced.",neutral,opinion,neither,opinion,neutral,neither
b7742906a52813636e7e447f20315a81,06a99d616ad7ab7f9720f2cf4dee28eb,washingtonpost,"Chief executives have ceased genuflecting to the idols of “diversity, equity and inclusion,” closing DEI departments and omitting mentions of the topic and its cousin, “environmental, social and governance” (ESG), from investor calls and annual reports.",neutral,fact,neither,fact,negative,democrat
7d6689dc6e94eef04071fe27b3ef74af,06a99d616ad7ab7f9720f2cf4dee28eb,washingtonpost,External pressures have propelled both trends.,neutral,fact,neither,opinion,neutral,neither
b2e7d8cebce742b72fbe09971ba71bd7,06a99d616ad7ab7f9720f2cf4dee28eb,washingtonpost,"Watching the likes of Target, Disney and Budweiser take sales hits, corporate execs concluded that “virtue”-signaling on political issues they knew nothing about might not be cost-free after all.",neutral,fact,neither,opinion,negative,neither
63e5ba6dca1ea6862bdba607e3aaf113,06a99d616ad7ab7f9720f2cf4dee28eb,washingtonpost,"Follow Opinions on the newsMany state legislatures have threatened budget cuts or even ordered the closure of DEI programs, as well as an end to the loyalty oaths with which faculties have ensured ideological purity and the exclusion of unwelcome moderate or conservative additions from their ranks.",neutral,fact,neither,fact,negative,democrat
3e5904bd2510067910f9c938d9f6fdb9,06a99d616ad7ab7f9720f2cf4dee28eb,washingtonpost,"Think of these as defensive holding calls by the referees, first downs due to penalties.",neutral,opinion,neither,opinion,neutral,neither
2aaf7f91e314805732aabbe5e6525af7,06a99d616ad7ab7f9720f2cf4dee28eb,washingtonpost,"More than a few college presidents will protest but silently welcome such mandates, which enable them to shrink or close frequent sources of division and discord on their campuses, saving needed dollars as they do.",neutral,opinion,neither,opinion,neutral,neither
4fb00cef93419b36df9b5d0a4bf26a13,06a99d616ad7ab7f9720f2cf4dee28eb,washingtonpost,The intellectual front has also brightened.,positive,opinion,neither,opinion,positive,neither
4a3cc9ae36dc48a66de733a31420be65,06a99d616ad7ab7f9720f2cf4dee28eb,washingtonpost,"The American Academy of Arts and Sciences devoted its entire summer 2024 journal, Daedalus, to a lively colloquium on “the future of free speech.”",neutral,quote,neither,fact,neutral,neither
f5a4e036557193513304e8956dc1c9e8,06a99d616ad7ab7f9720f2cf4dee28eb,washingtonpost,No one attempted to make a case for the censorship regimes that have been so dominant in our era.,neutral,fact,neither,fact,negative,neither
1c88a792655fce511bbcfc74be17889d,06a99d616ad7ab7f9720f2cf4dee28eb,washingtonpost,"Among the broader public, free expression is selling books.",neutral,fact,neither,fact,neutral,neither
4e306005af51488b96aac4c856111c72,06a99d616ad7ab7f9720f2cf4dee28eb,washingtonpost,"Scholars such as Yale University political scientist Keith E. Whittington, author of the recent book “You Can’t Teach That!,” have challenged campus groupthink in the most damning and effective way, by pointing out that enforced conformity of thought strikes at the heart of the academic enterprise: the advance of knowledge through, and only through, the collision and constant comparison of alternative views.",neutral,fact,neither,fact,negative,neither
9f1e01e4986dd6308232da9527435b4b,06a99d616ad7ab7f9720f2cf4dee28eb,washingtonpost,"Greg Lukianoff and Rikki Schlott’s bestseller last year, “The Canceling of the American Mind,” inundated its readers with examples of the abuses, and the viciousness, with which the mini-tyrants in our institutions have been stifling the views they deem unacceptable, while trying to compel obeisance to their own brand of orthodoxy.",negative,fact,neither,fact,negative,neither
c579a3063cfab9590048bc1a237793d5,06a99d616ad7ab7f9720f2cf4dee28eb,washingtonpost,Yet every promising gain seems to be followed by a negative yardage play.,negative,opinion,neither,opinion,negative,neither
570ef5cf4ae612a78e9a6235fad0080c,06a99d616ad7ab7f9720f2cf4dee28eb,washingtonpost,"Penn, the same school that announced changes to its policies regarding campus disruption and encampment, turned around last month and suspended a faculty member, law professor Amy Wax, explicitly because of her viewpoints.",negative,fact,neither,fact,negative,neither
41f18b3d6cc1b016f9ddb2d9b87666da,06a99d616ad7ab7f9720f2cf4dee28eb,washingtonpost,Cornell University last month allowed about 100 students to shut down a job fair — some companies involved in national defense work were present — thereby directly interfering with their schoolmates’ career aspirations.,negative,fact,neither,fact,negative,neither
b1e371d9034ada51ac0b82110b8d76fd,06a99d616ad7ab7f9720f2cf4dee28eb,washingtonpost,"The school announced penalties, but we’ll see.",neutral,opinion,neither,fact,negative,neither
964fa072e27a17a96c70493532a5a53d,06a99d616ad7ab7f9720f2cf4dee28eb,washingtonpost,Similar announcements of disciplinary action by Columbia and other colleges were quietly shelved a few months after being issued.,negative,fact,neither,fact,negative,neither
214fbd31ab44a04eaefbaec59c21754e,06a99d616ad7ab7f9720f2cf4dee28eb,washingtonpost,There is zero doubt that many of the parent improvements are illusory or meant to be temporary.,negative,opinion,neither,opinion,negative,neither
688ad2ee3bbf7c00656f3bf2f7952317,06a99d616ad7ab7f9720f2cf4dee28eb,washingtonpost,"The DEI label and loyalty oaths might go away, but the same practices and pressures will often remain.",negative,opinion,neither,opinion,neutral,neither
c7be73a1a70943d55a900e7fcabac0ce,06a99d616ad7ab7f9720f2cf4dee28eb,washingtonpost,"Referees, preferably trustees and corporate directors rather than politicians, will need to be vigilant.",neutral,opinion,neither,opinion,neutral,neither
2732f45899ee9797f06c20890cffd5ab,06a99d616ad7ab7f9720f2cf4dee28eb,washingtonpost,The contest will ultimately be decided by the 12th Man — the public in the bleachers.,neutral,opinion,neither,opinion,neutral,neither
5bdaea42351e785b6790c07d1b3fa191,06a99d616ad7ab7f9720f2cf4dee28eb,washingtonpost,"An analysis in the Economist last month declared that we have passed “peak woke,” and that opinion is moving against the censors and silencers.",neutral,fact,neither,fact,neutral,democrat
ee1e2d31fa0ebfae825b54c4489b9dbe,06a99d616ad7ab7f9720f2cf4dee28eb,washingtonpost,"The data shifts, even if indicative, aren’t big enough to persuade.",neutral,opinion,neither,opinion,neutral,neither
9cbf2f7a4b50147eb929800ab6c9360a,06a99d616ad7ab7f9720f2cf4dee28eb,washingtonpost,"For now, a freedom fan can at most celebrate a few gains after years of defeat and retreat, and honor those who have braved the cancelers to create those gains.",neutral,opinion,neither,opinion,positive,neither
03e3309042eec840b20252a4bd8131b0,06a99d616ad7ab7f9720f2cf4dee28eb,washingtonpost,"Later this year, the Russell Kirk Center in Michigan will bestow its first McLellan Prize for courage and impact in defending free expression.",neutral,fact,neither,fact,neutral,neither
ea7c90196d2895ab71398a7f84eab65a,06a99d616ad7ab7f9720f2cf4dee28eb,washingtonpost,(I served as a juror.),neutral,fact,neither,fact,neutral,neither
0fb99343cfb72f601e02659d2d1bad74,06a99d616ad7ab7f9720f2cf4dee28eb,washingtonpost,"The recipient, Greg Lukianoff, in addition to his books and other advocacy, has for years led the Foundation for Individual Rights and Expression, the nation’s leading watchdog group in this subject area.",neutral,fact,neither,fact,neutral,neither
513a96b8fb3a230108d1272ce4e42edb,06a99d616ad7ab7f9720f2cf4dee28eb,washingtonpost,Every team should recognize its MVP.,neutral,opinion,neither,opinion,neutral,neither
0be37bfb2a6ae636079469b1e90e0b4a,06a99d616ad7ab7f9720f2cf4dee28eb,washingtonpost,But great individual play is no guarantee of victory.,neutral,opinion,neither,fact,neutral,neither
2acb15e14f550c41ebfee5bad76fd051,06a99d616ad7ab7f9720f2cf4dee28eb,washingtonpost,Paul Hornung won a Heisman Trophy on a 2-8 team.,neutral,fact,neither,fact,positive,neither
56e00f1a87aa82233ebe9ced5fdf095c,06a99d616ad7ab7f9720f2cf4dee28eb,washingtonpost,"I can’t see a scoreboard from where I’m sitting, but I strongly suspect that it says Team Freedom is still in catch-up mode.",negative,opinion,neither,opinion,neutral,neither
f0f3f401b9e366c88ff72ccdeaaff973,070a072d66f8d0e7994bb92a6c38758d,washingtonpost,NEW YORK —,neutral,other,neither,other,neutral,neither
b84c7f996adc2636123abe1ef24a4036,070a072d66f8d0e7994bb92a6c38758d,washingtonpost,"The United States, France and several Arab nations were among the countries that on Wednesday jointly called for a 21-day cease-fire deal to avert a wider conflict between Israel and Hezbollah in Lebanon.",neutral,fact,neither,fact,neutral,neither
d1233e37531e4757ff327a33ad31a018,070a072d66f8d0e7994bb92a6c38758d,washingtonpost,The diplomatic push for a temporary halt in fighting comes as Israel’s military chief told soldiers to prepare for a possible ground incursion into Lebanon.,neutral,fact,neither,fact,neutral,neither
42cda412647271a6efbd0861a657073e,070a072d66f8d0e7994bb92a6c38758d,washingtonpost,"Biden administration officials, briefing reporters under ground rules of anonymity, said they expected that the Israeli and Lebanese governments would accept the deal “in the coming hours.",neutral,quote,democrat,fact,neutral,democrat
5f6419af1306149e9cbe80f200060ee6,070a072d66f8d0e7994bb92a6c38758d,washingtonpost,”,neutral,quote,neither,other,neutral,neither
fe97ffbe298552ed23f706bc189798a6,070a072d66f8d0e7994bb92a6c38758d,washingtonpost,"The cease-fire deal is the product of days of frantic diplomacy at the United Nations, with many key leaders gathered in New York for the annual general assembly, which has coincided with Israel’s intensified campaign against Hezbollah targets in Lebanon.",neutral,fact,neither,fact,neutral,neither
f5f0a2af9dcb0dda92135bdce1cc6195,070a072d66f8d0e7994bb92a6c38758d,washingtonpost,"Hundreds have been killed, according to Lebanon’s Health Ministry, as Israel unleashed a wave of airstrikes and turned electronic devices into bombs.",negative,fact,neither,fact,negative,neither
d88ff2e94612e466d49e23510a5dd463,070a072d66f8d0e7994bb92a6c38758d,washingtonpost,"The Biden administration and the French government emerged as key leaders of the effort, but Group of 7 nations, Australia, the European Union as well as the Arab nations of Qatar, Saudi Arabia and the United Arab Emirates, have been coordinating and trying to massage both sides to achieve an agreement.",neutral,fact,neither,fact,neutral,democrat
75b3589cfdc6942aef86876be8c03dcb,070a072d66f8d0e7994bb92a6c38758d,washingtonpost,"In a separate joint statement Wednesday, President Joe Biden and President Emmanuel Macron of France called for broad endorsement of a deal to “give diplomacy a chance.”",neutral,quote,democrat,fact,positive,democrat
9e8949cd9bab1a90cd48f43ff1e92130,070a072d66f8d0e7994bb92a6c38758d,washingtonpost,"“It is time for a settlement on the Israel-Lebanon border that ensures safety and security to enable civilians to return to their homes,” they said.",neutral,quote,neither,quote,positive,neither
b823fd80126afb02f1efc7eebef73d0e,070a072d66f8d0e7994bb92a6c38758d,washingtonpost,"“The exchange of fire since October 7th, and in particular over the past two weeks, threatens a much broader conflict, and harm to civilians.",negative,quote,neither,fact,negative,neither
2a466e37f0fabb41fd4f8ebb0c262a1c,070a072d66f8d0e7994bb92a6c38758d,washingtonpost,"”Speaking to reporters Wednesday, Biden said the United States was able to generate “significant support from Europe as well as the Arab nations” for the proposed cease-fire deal.",neutral,fact,democrat,fact,positive,democrat
4aa0312e3f0bda7fac277e2a922a371d,070a072d66f8d0e7994bb92a6c38758d,washingtonpost,"“It’s important the war does not widen,” he added.",neutral,quote,neither,quote,neutral,democrat
b965712cbe4399f2c0f0fce8212ce422,070a072d66f8d0e7994bb92a6c38758d,washingtonpost,"“War is not inevitable,” French Foreign Minister Jean-Noël Barrot told the 15-member United Nations Security Council on Wednesday.",neutral,quote,neither,quote,negative,neither
bc068f9b1d26d6adfef9f0aaa10d50e4,070a072d66f8d0e7994bb92a6c38758d,washingtonpost,“A diplomatic solution is indeed possible.,positive,quote,neither,opinion,neutral,neither
595fa708f22619111aa7d6ac7ad0f0c4,070a072d66f8d0e7994bb92a6c38758d,washingtonpost,"”Lebanese Prime Minister Najib Mikati told the council: “France stood by our side in the darkest circumstances, the best proof being the efforts France is making today in collaboration with the United States in order to issue a joint communiqué that enjoys international support and which would put an end to this dirty war.",positive,quote,neither,quote,neutral,neither
9f8653fd74cd4ff8943adae8ca2ad03f,070a072d66f8d0e7994bb92a6c38758d,washingtonpost,"”The signatories of the agreement would not directly include Hezbollah, raising the possibility that it could be shaky, and the U.S. officials did not immediately explain why they were optimistic about the militant and political group’s involvement.",neutral,quote,neither,fact,neutral,neither
153bccc76d49857c5a31ba6075f55cf8,070a072d66f8d0e7994bb92a6c38758d,washingtonpost,"But they said that they expected that if the Lebanese government agrees to the deal, it will be able to bring along the group.",neutral,fact,neither,fact,neutral,neither
917e99ec264b0dbfc31011061b83c5b0,070a072d66f8d0e7994bb92a6c38758d,washingtonpost,"The United States does not speak directly to Hezbollah, which it has designated a terrorist organization.",neutral,fact,neither,fact,negative,neither
0d1d94d74430a3c424663965f7482256,070a072d66f8d0e7994bb92a6c38758d,washingtonpost,"The goal during the cease-fire is to reach a comprehensive agreement “that allows for residents to return to their homes in both Lebanon and Israel,” a senior administration official said.",neutral,quote,neither,fact,positive,neither
5eb5d6963e823283f63fafc7d0febdd5,070a072d66f8d0e7994bb92a6c38758d,washingtonpost,"“It’s been an all-out effort by the administration to reach this moment,” the official said, expressing gratitude “to both the Israelis and the Lebanese government.",neutral,quote,neither,fact,positive,neither
039716babda40cfabdfffbd031c20918,070a072d66f8d0e7994bb92a6c38758d,washingtonpost,"”The White House has tasked adviser Amos Hochstein to be the main negotiator on the Israel-Lebanon situation, and he has spent much of his time in the region over the past year on resolving the fighting with Hezbollah.",neutral,quote,democrat,fact,neutral,neither
0866cbc7f968ad3b84affa9be08c0afc,070a072d66f8d0e7994bb92a6c38758d,washingtonpost,"Secretary of State Antony Blinken has also taken a leading role in shuttling among European and Arab diplomats to try to build support for the deal, and got his Qatari and Saudi counterparts to sign on to it on Wednesday.",neutral,fact,democrat,fact,neutral,democrat
00cc81d683d6d6dde48af915d455f90a,070a072d66f8d0e7994bb92a6c38758d,washingtonpost,"Blinken and Hochstein also met Lebanese Prime Minister Mikati to sound him out about the proposal, a U.S. official familiar with the situation said, speaking on condition of anonymity to discuss the sensitive closed-door meetings.",neutral,fact,neither,fact,neutral,democrat
a1507c0eb9c524be7f243641a090b5a9,070a072d66f8d0e7994bb92a6c38758d,washingtonpost,Hezbollah has consistently said it would stop firing rockets into Israel once Israel ended its military campaign in Gaza.,neutral,fact,neither,fact,neutral,neither
961eaf438b58656659b3e366f1632e36,070a072d66f8d0e7994bb92a6c38758d,washingtonpost,The U.S. call for a short-term cease-fire in Lebanon is the latest indication that Washington does not see a Gaza hostage-release cease-fire deal hpening imminently and is embracing Israel’s preference to prioritize a cease-fire in Lebanon first.,neutral,fact,democrat,fact,neutral,neither
5f519b33b4094adde9df39ced898f7a8,070a072d66f8d0e7994bb92a6c38758d,washingtonpost,"The Biden administration has said it is focused on unlinking the first phase of a cease-fire in Lebanon from a deal between Israel and Hamas, which remains deadlocked.",neutral,fact,democrat,fact,neutral,democrat
f6661cedc54fd3d18d9c54878a18f0fc,070a072d66f8d0e7994bb92a6c38758d,washingtonpost,But senior officials on Wednesday evening said they hoped discussions over a longer-term agreement in Lebanon could also renew negotiations in Gaza.,neutral,fact,neither,fact,positive,neither
5079e04a01716a56c7da8774c1ad3d98,070a072d66f8d0e7994bb92a6c38758d,washingtonpost,"Hamas leader Yahya Sinwar has sought a broader conflict, one U.S. official said, and depriving him of that possibility may eventually lead him to be more willing to accept a deal that would sw hostages for Palestinian prisoners in Israeli prisons.",neutral,fact,neither,opinion,neutral,neither
914f0b09e6230150b8fa832adf1d73b7,070a072d66f8d0e7994bb92a6c38758d,washingtonpost,"An Israeli official, speaking on the condition of anonymity to discuss a sensitive military matter, told reporters Wednesday that Israel is open to a “diplomatic solution” with Hezbollah that allows Israeli forces to continue their military campaign in Gaza.",neutral,fact,neither,fact,neutral,neither
e01c3fda9dfbb8c64992066737ae8edc,070a072d66f8d0e7994bb92a6c38758d,washingtonpost,"“Israel has increased military pressure on Hezbollah to delink the two fronts,” said the official, referring to the simultaneous military campaigns in Gaza and Lebanon.",neutral,quote,neither,fact,neutral,neither
1b85f6493c95fa13299ce605c372f347,070a072d66f8d0e7994bb92a6c38758d,washingtonpost,“Israel is not seeking war but is also not deterred by it.,neutral,quote,neither,opinion,neutral,neither
3f859d4a435873eb6315df070df7451d,070a072d66f8d0e7994bb92a6c38758d,washingtonpost,”The official added that “Hezbollah has given [Hamas leader Yahya] Sinwar control over Lebanese civilians by linking the fronts.,neutral,quote,neither,quote,neutral,neither
1a6ff37c4735aaade166897802a7020a,070a072d66f8d0e7994bb92a6c38758d,washingtonpost,"”The Israeli government is hoping that its bombardment of Lebanon, which has dealt a significant blow to Hezbollah’s command and control cabilities and Radwan forces, will convince the group to agree to a cease-fire.",neutral,quote,neither,opinion,negative,neither
51dea069b272c5be25e93e0d22d01fec,070a072d66f8d0e7994bb92a6c38758d,washingtonpost,"But whether Hezbollah can back down and maintain its credibility after Israel’s brazen pager and walkie-talkie attacks, as well as extensive airstrikes, remains to be seen.",neutral,borderline,neither,opinion,neutral,neither
fa7ba07777b47d28bfcb9228542f92a6,070a072d66f8d0e7994bb92a6c38758d,washingtonpost,"Israeli residents who have fled Hezbollah rockets in the northern part of the country are unlikely to return to their homes until there are clearer guarantees that they can remain there safely, leading to the need for a full agreement, a U.S. official said.",neutral,fact,neither,fact,neutral,neither
5442c7bedd7bb5b908d90c8a32f95cc2,070a072d66f8d0e7994bb92a6c38758d,washingtonpost,"“It was always going to have to be more than just a cease-fire, because it would be unacceptable for Israeli residents to return to their homes in the north if there weren’t security arrangements on the Lebanese side that prevented Hezbollah from sitting on the border and ensuring that they were secure from an October 7th-like attack in the future,” the official said.",neutral,quote,neither,fact,negative,neither
b9af97b96c0324dbb8338d771d79b0e5,070a072d66f8d0e7994bb92a6c38758d,washingtonpost,"Barrot, the French foreign minister, said he is heading to Beirut this week to continue to work on the proposed deal.",neutral,fact,neither,fact,neutral,neither
eb4ebea9c120311425ff3bcd70b8eef4,070a072d66f8d0e7994bb92a6c38758d,washingtonpost,"“We are counting on both parties to accept it without delay, in order to protect civilian populations and allow for diplomatic negotiations to begin,” he told the U.N. gathering.",neutral,quote,neither,quote,positive,neither
f1b78c40cc82559ad7fc2d549a69ffae,070a072d66f8d0e7994bb92a6c38758d,washingtonpost,"In an address earlier Wednesday, U.N. Secretary General António Guterres urged both sides to “step back from the brink” and avoid a war that would “surely be an all-out catastrophe.",negative,quote,neither,fact,negative,neither
a0f5c9850de2f77433c748c23265f024,070a072d66f8d0e7994bb92a6c38758d,washingtonpost,"”Pannett reported from Wellington, New Zealand.",neutral,quote,neither,fact,neutral,neither
5786338b3ab8f789104602ca7e88e582,070a072d66f8d0e7994bb92a6c38758d,washingtonpost,"Karen DeYoung, Yasmeen Abutaleb and Frances Vinall contributed to this report.",neutral,fact,neither,fact,neutral,neither
21318f54f5fb30f24356c3360a4133dc,0815f0ed18d04b0d0f2b28709f60f2ad,breitbart,"Vice President Kamala Harris refraining from choosing Pennsylvania Gov. Josh Shiro (D) as her running mate shows how the Democrat Party has become a “cabal of just antisemitic, anti-Israel radicals,” and the Harris-Walz ticket is the “most far-left ticket we’ve ever had,” Trump campaign spokeswoman Karoline Leavitt said during an pearance on Breitbart News Daily.",negative,quote,democrat,quote,negative,democrat
79a722201b41af666265b0cf9720f6f8,0815f0ed18d04b0d0f2b28709f60f2ad,breitbart,"Leavitt said it was “surprising” that Harris did not choose Shiro — whom she described as an “obvious” choice — as her running mate, given his ability to help sway Pennsylvania in the Democrats’ direction.",neutral,opinion,democrat,fact,neutral,democrat
b6ccb2bfd3b35ac1c9600d62ef3e5777,0815f0ed18d04b0d0f2b28709f60f2ad,breitbart,"However, one concern that continued to arise was the fact that Shiro is Jewish and holds pro-Israel views, which turn off key voting blocs Democrats need to peal to.",neutral,borderline,democrat,opinion,neutral,democrat
84204e2c88d7594785bf241d5575c8b9,0815f0ed18d04b0d0f2b28709f60f2ad,breitbart,"“We were surprised, for sure.",neutral,quote,neither,fact,neutral,neither
aa1e5cc1c9ccf023c5b2796033df1fbf,0815f0ed18d04b0d0f2b28709f60f2ad,breitbart,"Nevertheless, we were ready with opposition research on all of these guys,” she said, explaining that Democrat vice presidential nominee Gov. Tim Walz’s (MN) record is “deep.”",neutral,quote,democrat,opinion,neutral,democrat
f8995c50f5837b8293d552b65f855112,0815f0ed18d04b0d0f2b28709f60f2ad,breitbart,"“I will tell you, there is a lot that we look forward to exposing about his record to the American people,” she began, confirming that former President Donald Trump’s seemingly random Truth Social post with the words “THANK YOU!” was in response to Harris choosing Walz as her running mate.",neutral,quote,republican,fact,neutral,both
d4203c47df8884f9ca0b4aaf902d2b7f,0815f0ed18d04b0d0f2b28709f60f2ad,breitbart,"LISTEN: “He is a radical, and I think that Kamala Harris not choosing Josh Shiro does show that the Democrat Party truly has become this cabal of just antisemitic, anti-Israel radicals,” Leavitt continued.",negative,quote,democrat,quote,negative,democrat
a5e3d6cbe6feb50c08125ec8e941e005,0815f0ed18d04b0d0f2b28709f60f2ad,breitbart,“That is why she did not choose Josh Shiro.,negative,quote,democrat,quote,neutral,democrat
a85dc8b5026cf333a36a129e7a81121f,0815f0ed18d04b0d0f2b28709f60f2ad,breitbart,Let’s just be honest about it.”,neutral,quote,neither,quote,neutral,neither
6233c61a7665a305146434898cc12371,0815f0ed18d04b0d0f2b28709f60f2ad,breitbart,"“She went with Walz because he’s just as dangerously liberal as she is, and it is the most far-left ticket we’ve ever had in American history now,” she added.",negative,quote,democrat,quote,negative,democrat
cc9c89ebe1b35d33ea726083d16ed425,0815f0ed18d04b0d0f2b28709f60f2ad,breitbart,Breitbart News Daily airs on SiriusXM Patriot 125 from to Eastern.,neutral,other,neither,other,neutral,neither
0671959accc80501aec71690a938aebf,09b0799a504d71e8f3a41cf546776dc2,washingtonpost,We get lots of messages from readers who are concerned about getting enough protein while reducing their meat intake or eliminating it from their diet entirely.,neutral,fact,neither,fact,neutral,neither
6e28d8ee1381535b91ff6b3976a594ec,09b0799a504d71e8f3a41cf546776dc2,washingtonpost,"As a vegetarian of over 10 years, for five of which I was vegan, I’m hpy to report that there are Academy of Nutrition and Dietetics-proved ways to meet your protein goals that don’t involve meat.",positive,opinion,neither,fact,neutral,neither
a12faa38fe762fafc34a758a886ec19f,09b0799a504d71e8f3a41cf546776dc2,washingtonpost,There is a wide variety of foods out there that offer a considerable amount of protein:,neutral,fact,neither,fact,neutral,neither
ea55e111425be20857ab716054f944fd,09b0799a504d71e8f3a41cf546776dc2,washingtonpost,"On top of plant-based options such as legumes, whole grains and nuts, you can also lean on yogurt, cheese and eggs.",neutral,fact,neither,fact,neutral,neither
bce8aea76b269d760250c78f1347d221,09b0799a504d71e8f3a41cf546776dc2,washingtonpost,"Whether you follow a vegetarian diet or not, these meals are a great way to boost your protein intake.",positive,opinion,neither,fact,positive,neither
f3fe575c66c497c8b37bed8ac4f999eb,09b0799a504d71e8f3a41cf546776dc2,washingtonpost,"All of these options provide at least 20 grams of protein per serving, with a couple offering more than 30 grams.",neutral,fact,neither,fact,neutral,neither
1aff764d79265e9c5289c48ca1af5a1d,09b0799a504d71e8f3a41cf546776dc2,washingtonpost,"Find even more high-protein, meat-free dishes in our archives of over 10,000 tested and trusted recipes.",neutral,fact,neither,fact,neutral,neither
c3a72ee2d76d24c6a0010fc738c4c2ef,09b0799a504d71e8f3a41cf546776dc2,washingtonpost,Leeks and Lentils HalloumiAbove.,neutral,other,neither,fact,neutral,neither
87a5cb586fb9a5789e1cfe385333ab8f,09b0799a504d71e8f3a41cf546776dc2,washingtonpost,The combination of green lentils and halloumi gives this recipe an impressive 39 grams of protein per serving.,neutral,fact,neither,fact,neutral,neither
185974b1219779d332895a3098121584,09b0799a504d71e8f3a41cf546776dc2,washingtonpost,Get the recipe.,neutral,other,neither,other,neutral,neither
55ca1266614931241859b7fd07866ad0,09b0799a504d71e8f3a41cf546776dc2,washingtonpost,"Chili Black Bean and Cornbread Skillet PieThis comforting and healthful dinner is full of beans and hearty vegetables, and it comes in at 20 grams of protein per serving.",neutral,fact,neither,fact,neutral,neither
ab6daf89ba4af6f740856f68394bbf7b,09b0799a504d71e8f3a41cf546776dc2,washingtonpost,You can boost that number even more by serving the pie with a dollop of Greek yogurt.,neutral,fact,neither,fact,neutral,neither
bc0aadb6cfdf9e193e22b134f86c31e4,09b0799a504d71e8f3a41cf546776dc2,washingtonpost,"Quinoa Bowls With Roasted Vegetables and TofuThese easy-to-assemble quinoa bowls with veggies, marinated tofu and a turmeric-tahini sauce are bursting with color, flavor and protein, offering 20 grams of protein per serving.",neutral,fact,neither,fact,positive,neither
bdcb5d18d2f78d96c5270474e98895a3,09b0799a504d71e8f3a41cf546776dc2,washingtonpost,Add a legume such as black beans into the mix to bring that number up even higher.,neutral,fact,neither,fact,neutral,neither
bf1fefe9722ea137512431a9119ee1a7,09b0799a504d71e8f3a41cf546776dc2,washingtonpost,"Pasta With Vegan Sausage, Cauliflower and KaleWhole-wheat pasta and vegan sausage team up to give this vegetable-filled weeknight pasta 23 grams of protein per serving.",neutral,fact,neither,fact,neutral,neither
6eac4058a91494a1d8a4b554f9430be5,09b0799a504d71e8f3a41cf546776dc2,washingtonpost,Want a little more?,neutral,other,neither,other,neutral,neither
01e28edfbce3a8235e3be1e5182ed3e8,09b0799a504d71e8f3a41cf546776dc2,washingtonpost,Add in a can of white beans.,neutral,fact,neither,fact,neutral,neither
5e40f1d9718cb345b233051dd2165c4f,09b0799a504d71e8f3a41cf546776dc2,washingtonpost,Tofu TikkaTwo skewers of this take on northern Indian tikka contains 20 grams of protein.,neutral,fact,neither,fact,neutral,neither
cb0a778877766b2d0b3270ed326df59f,09b0799a504d71e8f3a41cf546776dc2,washingtonpost,"Serving with brown rice and raita, a cooling yogurt sauce, can also add an extra dose.",neutral,fact,neither,fact,neutral,neither
725b73d8e3ee8fd5cad0f18165e01a8b,09b0799a504d71e8f3a41cf546776dc2,washingtonpost,Use nondairy yogurt to make the recipe vegan.,neutral,fact,neither,fact,neutral,neither
020866610256304abdffe6ffb4c30b09,09b0799a504d71e8f3a41cf546776dc2,washingtonpost,"Greens Mac and CheeseThis easy, cheesy meal provides 22 grams of protein per serving.",neutral,fact,neither,fact,neutral,neither
be2c19b1ee98feb88416b60a5e34ec20,09b0799a504d71e8f3a41cf546776dc2,washingtonpost,"If you want more cheesy noodles, try this Cheesy Corn Casserole with 25 grams per serving.",neutral,fact,neither,fact,neutral,neither
886eefb95d0c22d786d3b520afd3d61c,09b0799a504d71e8f3a41cf546776dc2,washingtonpost,"Chaman Kaliya (Paneer in Yellow Gravy)Paneer is an excellent protein source, and this Kashmiri dish starring the fresh cheese in a savory, spice-rich sauce has 32 grams per serving.",neutral,fact,neither,fact,neutral,neither
7b5248afeb1a0ffe7ab62b600113ce5f,09b0799a504d71e8f3a41cf546776dc2,washingtonpost,"Lentil LasagnaThis vegetarian spin on lasagna features garam masala and black lentils, giving it a warm spiciness and 28 grams of protein per serving.",neutral,fact,neither,fact,neutral,neither
774b6f22caac2a8330c64f2a32b4eb42,0c289aa537627d81793e87f21f4927ee,breitbart,"The Las Vegas Review-Journal has endorsed former President Donald Trump for the November election, citing the current administration’s poor track record on inflation, the border crisis, and Vice President Kamala Harris’s policy flip-flops as reasons to overlook the “dispointing and indefensible” behavior surrounding .",neutral,fact,republican,fact,negative,both
1356993d9037bb2cbb2482f84a95a269,0c289aa537627d81793e87f21f4927ee,breitbart,"“The hurricane of history charts a chaotic course,” the publication wrote in a Tuesday opinion piece.",neutral,quote,neither,quote,negative,neither
882032ff9a6143b56a63a35881df589f,0c289aa537627d81793e87f21f4927ee,breitbart,“The gales of recent months have left political norms strewn across the landsce.,neutral,quote,neither,opinion,neutral,neither
a84ec90cd2960b40fcdc15506a99591b,0c289aa537627d81793e87f21f4927ee,breitbart,The turbulence has rattled both major parties and left many voters unsettled and prehensive.”,neutral,quote,neither,opinion,negative,both
702259d5c1e0644aaac42279c0b4cbda,0c289aa537627d81793e87f21f4927ee,breitbart,"The Review-Journal went on to summarize the chaos of the last few months, including both failed assassination attempts on Trump, his guilty verdict for 34 felonies in New York, his debate against President Joe Biden that became the catalyst for Biden’s exit from the race, and Harris subsequently becoming the Democrat nominee.",neutral,fact,both,fact,neutral,both
81b57323163ebf8f9db6a254cfcfb210,0c289aa537627d81793e87f21f4927ee,breitbart,“Thus began one of the more cynical and ambitious rehabilitation efforts in the history of modern politics.,neutral,quote,neither,opinion,negative,neither
6b3a0004a455583da483bb6cd76573ff,0c289aa537627d81793e87f21f4927ee,breitbart,"A vid, unpopular vice president in an unpopular administration who flamed out spectacularly in her 2020 run for the Oval Office was within weeks recast as a purveyor of ‘joy’ and an amalgamation of Abraham Lincoln, George Washington and Mahatma Gandhi,” the publication continued.",negative,quote,democrat,quote,negative,democrat
f680fbc40b2679a3197ba824363e3760,0c289aa537627d81793e87f21f4927ee,breitbart,"Contrasting her past and current opinions, the Nevada outlet wrote that Harris is being portrayed as a “tough-on-crime border hawk” after her history as a “San Francisco leftist who sympathized with the defund-police movement.”",neutral,quote,democrat,opinion,negative,democrat
020d4c9445bd63309f3f42a83b13b713,0c289aa537627d81793e87f21f4927ee,breitbart,"She has also backtracked on her prior views on key issues such as energy, health care, and the Senate filibuster.",neutral,fact,democrat,fact,neutral,democrat
2239c47a31e69bd1ca456fe549f96cb4,0c289aa537627d81793e87f21f4927ee,breitbart,"“To advance the swindle, Ms. Harris carefully avoids any unscripted interviews unless a friendly questioner tosses the softballs slowly enough for her to make contact,” the outlet continued, before saying that its newsroom is “under no illusions about Donald Trump.”",negative,quote,democrat,opinion,negative,both
1b83e5c0132c20ff7dc99aafa7da8230,0c289aa537627d81793e87f21f4927ee,breitbart,"“His behavior in response to the Jan. 6 mayhem was dispointing and indefensible — although the constitutional guardrails held firm,” the newsper wrote.",negative,quote,republican,quote,negative,republican
416533ab01b798c34115b30205fc96ae,0c289aa537627d81793e87f21f4927ee,breitbart,“His penchant for dwelling on past grievances isn’t helpful.,negative,quote,republican,opinion,negative,republican
83ff5621cf8298ead9b87311f87c3ce3,0c289aa537627d81793e87f21f4927ee,breitbart,His insistence that every election he loses is ‘rigged’ is petulant and fatuous.”,negative,quote,republican,opinion,negative,republican
f092abfcc3ac2070fc3f341c9d5b6d3a,0c289aa537627d81793e87f21f4927ee,breitbart,“But Mr. Trump has a four-year record as president for undecided voters to consider.”,neutral,quote,republican,fact,neutral,republican
b5cc27caf98be2051f18325b708810e4,0c289aa537627d81793e87f21f4927ee,breitbart,"Arguing that “Earth didn’t stop spinning while he occupied the Oval Office,” the Review-Journal went on to note that Trump’s term was “marked by relative global stability and a strong American economy.”",neutral,quote,republican,opinion,positive,republican
af0e5048a8200b602e4909592c0afb9e,0c289aa537627d81793e87f21f4927ee,breitbart,"According to the writers, inflation “was an afterthought” and judges who “respect the Constitution’s limits on government power” were pointed during the Republican’s presidency.",neutral,fact,republican,fact,neutral,republican
45459479f7f737605a56146663b135d0,0c289aa537627d81793e87f21f4927ee,breitbart,They also mentioned the “tightened” security at the southern border and the “rid development of vaccines” during the coronavirus pandemic.,neutral,fact,republican,fact,positive,neither
3dfb13ccd22a7368d5d0e58f73e2a073,0c289aa537627d81793e87f21f4927ee,breitbart,"The outlet then compared those four years from 2017 to 2021 to the time since Biden-Harris took office, with the national debt hitting $35 trillion and inflation hitting nine percent.",neutral,fact,democrat,fact,negative,democrat
d23c6e05ac593e79b659139c9a4cd831,0c289aa537627d81793e87f21f4927ee,breitbart,"“Housing costs have soared, including in Las Vegas,” the publication stated.",neutral,quote,neither,fact,negative,neither
6302f0024089690d4ba85b0c1072f6cd,0c289aa537627d81793e87f21f4927ee,breitbart,“High interest rates make it more difficult for new homebuyers and burden families carrying credit card and other debt.,neutral,quote,neither,fact,negative,neither
02e729f1386906a6d3b2cfe79d4baf3f,0c289aa537627d81793e87f21f4927ee,breitbart,"If this weren’t destructive enough, Ms. Harris and Mr. Biden turned a blind eye to the border for three years, releasing millions of illegal crossers into the country and causing mayors in blue cities to cry uncle.”",negative,quote,democrat,opinion,negative,democrat
9aca86150227e903bdc4d639721b4b78,0c289aa537627d81793e87f21f4927ee,breitbart,"“Yet Ms. Harris assures Americans she wouldn’t have changed a thing,” the writers said.",negative,quote,democrat,quote,neutral,democrat
79cef1974484087a351a8e3573719c58,0c289aa537627d81793e87f21f4927ee,breitbart,"The Review-Journal was purchased in 2015 by News + Media Cital Group LLC, which was later revealed to be owned by the late billionaire Sheldon Adelson, who died in 2020.",neutral,fact,neither,fact,neutral,neither
e2a5822c7d5aa814e281d903584c048a,0c289aa537627d81793e87f21f4927ee,breitbart,"Adelson, a gambling industry tycoon who amassed an empire of casinos in Las Vegas, Singore, and Macao, China, became Trump’s largest donor in his first reelection effort, according to Bloomberg.",neutral,fact,republican,fact,neutral,republican
b75a51caebac01c4b0a64e4927cbcdb7,0c289aa537627d81793e87f21f4927ee,breitbart,"The outlet is still owned by the billionaire’s widow, Miriam Adelson.",neutral,fact,neither,fact,neutral,neither
2d8baf59ea39018a4b56fbab00adff05,0c289aa537627d81793e87f21f4927ee,breitbart,“Many voters are dissatisfied with the choice before them in November.,negative,quote,neither,fact,negative,neither
64552785a7e558f0a39e5948a4615646,0c289aa537627d81793e87f21f4927ee,breitbart,"They have a point,” the Review-Journal said, before concluding the article.",neutral,quote,neither,fact,neutral,neither
fb6b50813368a44374a8a74806ec9003,0c289aa537627d81793e87f21f4927ee,breitbart,"“But when we weigh the policy results of Mr. Trump’s four years in office against those of Ms. Harris and Mr. Biden, the contrast becomes difficult to ignore.",neutral,quote,republican,opinion,neutral,both
d64a7d07e68bbc3c31798b4144e704f1,0c289aa537627d81793e87f21f4927ee,breitbart,Donald Trump is the better choice.”,positive,quote,republican,opinion,positive,republican
aa99f5dba6baf69e9656228df315ba31,0cd4abe05c98af0dd1f64574c1a67729,huffpost,"LAS VEGAS () — Minutes after Donald Trump delivered his standard warnings about drug dealers and criminals illegally crossing the border during a Saturday campaign event, the former president heard from someone who was once in the country illegally but now plans to vote for him.",neutral,fact,republican,fact,neutral,republican
4a255d7461330be4af145e0b29a3b65a,0cd4abe05c98af0dd1f64574c1a67729,huffpost,Elias Trujillo was one of several people who spoke Saturday at a Latino roundtable in Las Vegas intended to spotlight Trump’s economic ideas.,neutral,fact,republican,fact,neutral,republican
c081ef1d4d1cdf78576a38938b066abf,0cd4abe05c98af0dd1f64574c1a67729,huffpost,"After Trump finished addressing a small crowd inside the warehouse of a women’s cosmetics company, members of the roundtable spoke.",neutral,fact,republican,fact,neutral,republican
264f72a1bb631529a63dc7efe649d68c,0cd4abe05c98af0dd1f64574c1a67729,huffpost,"Trujillo began by telling his personal story, how his mother brought him and his brothers from northern Mexico to Utah in 1995 to rejoin their father, who was working in construction.",neutral,fact,neither,fact,neutral,neither
9ec4711ef0737c3a486fd20202e9b7f8,0cd4abe05c98af0dd1f64574c1a67729,huffpost,"“We came here legally, but you know, we overstayed, and we were able to make life here in the United States,” Trujillo said, referring to the action of entering the U.S. on a legal visa but not departing when that visa expires.",neutral,quote,neither,fact,neutral,neither
83fd45eb2b99cc36de9b34b872ab437d,0cd4abe05c98af0dd1f64574c1a67729,huffpost,"At least one person in the audience began laughing and plauding, leading Trujillo to laugh and acknowledge, “It is funny.”",neutral,quote,neither,fact,positive,neither
5be976ddba33ffd5d9cae17eedadffa0,0cd4abe05c98af0dd1f64574c1a67729,huffpost,Trump smiled as he looked at Trujillo.,neutral,fact,republican,fact,positive,republican
7f8f96a2093e036c3437e94a311f4afc,0cd4abe05c98af0dd1f64574c1a67729,huffpost,The moment highlighted the contradictory ways the facts and rhetoric of immigration play in the campaign.,neutral,borderline,neither,opinion,neutral,republican
238725e898e7d921ba85919352fdfd4f,0cd4abe05c98af0dd1f64574c1a67729,huffpost,The paradoxes are sharper as Trump has simultaneously counted on increased support from Latinos returning him to the White House even as he has centered his campaign on a dark view of immigration.,neutral,borderline,republican,fact,negative,republican
c3cec1ef2a6949fcf05e85d41de99936,0cd4abe05c98af0dd1f64574c1a67729,huffpost,"Trump has said migrants are “poisoning the blood” of the country, called the recent influx across the southern border an “invasion” and pledged to launch mass deportations if he returns to the White House.",negative,fact,republican,fact,negative,republican
631349dfee1e66a94c9f9320194a87b7,0cd4abe05c98af0dd1f64574c1a67729,huffpost,"The day before his Las Vegas roundtable, Trump was in Aurora, Colorado, darkly warning that a Venezuelan gang is terrorizing a city of 400,000 that has become a magnet for migrants from that country.",negative,fact,republican,fact,negative,republican
755e339ce6a3689780459a86e06736ea,0cd4abe05c98af0dd1f64574c1a67729,huffpost,The city’s Republican mayor said Trump is distorting an isolated problem in the city.,neutral,fact,neither,fact,negative,republican
a250b2150e30cf8dd0cdf732f5414358,0cd4abe05c98af0dd1f64574c1a67729,huffpost,"On Saturday, Trump launched his usual criticisms of border policy before pivoting to general praises of the demogrhic he was courting.",neutral,fact,republican,fact,neutral,republican
fbee74812eaad1f0e5d0546849a6f723,0cd4abe05c98af0dd1f64574c1a67729,huffpost,"“Hispanic people — they say you can’t generalize, but I think you can — they have wonderful entrepreneurship and they have — oh, do you have such energy.",positive,quote,republican,quote,positive,republican
7a4f2e30bc5306aa761fd1810aa73a52,0cd4abe05c98af0dd1f64574c1a67729,huffpost,"Just ease up a little bit, OK?",neutral,quote,republican,quote,neutral,republican
168c5f732d6d2bd8d315d97e870da18f,0cd4abe05c98af0dd1f64574c1a67729,huffpost,"Ease up,” Trump said.",neutral,quote,republican,quote,neutral,republican
0a4110dc6a799fa0a4b5ce8fd98c906d,0cd4abe05c98af0dd1f64574c1a67729,huffpost,"“You have great ambition, you have great energy, very smart, and you really do, like natural entrepreneurs.",positive,quote,republican,quote,positive,republican
b3c3734efdfb9143f9b2bcecf2a2131b,0cd4abe05c98af0dd1f64574c1a67729,huffpost,”,neutral,quote,republican,other,neutral,neither
ad99bf0218ca15b4232ebcba3fbc6eff,0cd4abe05c98af0dd1f64574c1a67729,huffpost,"Trump has usually smoothed over any parent conflict between his warnings on immigration and his support from Latino voters since 2016, when he kicked off his first run by warning of “rists” crossing the southern border.",neutral,fact,republican,fact,neutral,republican
cef6f1343a0600847f52bceb504277f4,0cd4abe05c98af0dd1f64574c1a67729,huffpost,Many Hispanic voters entered the country legally — or have roots in the U.S. going back generations — and oppose illegal immigration.,neutral,fact,neither,fact,neutral,neither
5f67b6fb85f89a6184872774d7e50e70,0cd4abe05c98af0dd1f64574c1a67729,huffpost,"The former president and Republican nominee has argued his economic and immigration policies would help Latinos and other minorities, often suggesting contrary to economic data that immigrants are taking what he calls “Black jobs” and “Hispanic jobs.”",neutral,quote,republican,fact,neutral,republican
cf64c5447f34e6e694340a3ff1df6b7c,0cd4abe05c98af0dd1f64574c1a67729,huffpost,"Around 8 in 10 Hispanic voters say the economy is “one of the most important issues” during this election season, according to a recent-NORC Center for Public Opinion Research poll.",neutral,fact,neither,fact,neutral,neither
703e20d47effa57f3bd5cb8baf62fc4c,0cd4abe05c98af0dd1f64574c1a67729,huffpost,"Overall, Hispanic voters are about equally likely to say they have a favorable view of Trump and Vice President Kamala Harris, Trump’s Democratic opponent.",neutral,fact,neither,fact,neutral,both
83e1f42cf143e3d24f801da2b21cd93b,0cd4abe05c98af0dd1f64574c1a67729,huffpost,Trujillo said during his speech that he was initially wary of Trump but has grown to support the former president.,neutral,fact,republican,fact,positive,republican
dd0a7bccb11e207c6bfbf31f787d554b,0cd4abe05c98af0dd1f64574c1a67729,huffpost,"Elias Trujillo, left, listens with others at a campaign event for republican presidential nominee former President Donald Trump, center, Saturday, Oct. 12, 2024, in North Las Vegas.",neutral,fact,republican,other,neutral,republican
710f9a7e0e6918ddaf2f169aefc41ab7,0cd4abe05c98af0dd1f64574c1a67729,huffpost,"( Photo/Lucas Peltier)viaTrujillo described how his lack of legal status made him feel uncertain about what he could accomplish, but how he “had to make the best of my life.”",neutral,quote,neither,fact,neutral,neither
40c4484457300280b8f4844fcedb7c48,0cd4abe05c98af0dd1f64574c1a67729,huffpost,"He said he graduated from high school, got married and had two children, now 12 and 5.",neutral,fact,neither,fact,neutral,neither
15cd30332c3f31a3f5094d733a951333,0cd4abe05c98af0dd1f64574c1a67729,huffpost,"He opened a restaurant that he said is struggling due to the high cost of labor and goods, and said he was hopeful Trump would usher in better economic times.",neutral,fact,republican,fact,neutral,republican
cba0aa1df5192c2ef389db8206d4210d,0cd4abe05c98af0dd1f64574c1a67729,huffpost,"“I’m hpy with the opportunity that Trump has again to run and hopefully get us back on track,” Trujillo said.",positive,quote,republican,quote,positive,republican
6c467e87357d7a2038b3d0f5a9e01064,0cd4abe05c98af0dd1f64574c1a67729,huffpost,“I think there’s room to make America greater.,positive,quote,republican,quote,positive,neither
eb1c8e2b52419c7798dc34f90c526106,0cd4abe05c98af0dd1f64574c1a67729,huffpost,"”Afterward, Trujillo said in an interview that though his parents overstayed their visas, they achieved legal status.",neutral,quote,neither,fact,neutral,neither
54729e5752de6ee093db44c0bc0617cf,0cd4abe05c98af0dd1f64574c1a67729,huffpost,"Likewise, Trujillo has been a U.S. citizen since 2011.",neutral,fact,neither,fact,neutral,neither
6f96e75bb200c75b068aad2a93cd8516,0cd4abe05c98af0dd1f64574c1a67729,huffpost,He said he has come to understand Trump’s vocal opposition to those entering the country illegally due to concerns about drug and sex trafficking.,neutral,fact,republican,fact,neutral,republican
f08c51c429e998baa3192858502c0b36,0cd4abe05c98af0dd1f64574c1a67729,huffpost,"But, unprompted, Trujillo said he supports a way for people in the country illegally to obtain legal status, specifically people who have been working and following the law.",neutral,fact,neither,fact,neutral,neither
bd63cd8842fc591242aa09899c94d7f3,0cd4abe05c98af0dd1f64574c1a67729,huffpost,"Support Free JournalismConsider supporting HuffPost starting at $2 to help us provide free, quality journalism that puts people first.",neutral,other,neither,other,neutral,neither
7ae090e2e5175214b61102217e7ea7fc,0cd4abe05c98af0dd1f64574c1a67729,huffpost,Can't afford to contribute?,neutral,other,neither,other,neutral,neither
536852ccf6c42c71e2574ea2e633a2e7,0cd4abe05c98af0dd1f64574c1a67729,huffpost,by creating a free account and log in while you read.?,neutral,other,neither,other,neutral,neither
b99f5311b16c59ee8737de7588d6589b,0cd4abe05c98af0dd1f64574c1a67729,huffpost,"The stakes are high this year, and our 2024 coverage could use continued support.",neutral,other,neither,other,neutral,neither
0cbd48cc364672b1b2819487ce49aa99,0cd4abe05c98af0dd1f64574c1a67729,huffpost,We hope you'll consider contributing to HuffPost once more.,neutral,other,neither,other,neutral,neither
ff85b0f06b542b82f5d96bc2fb049dfd,0cd4abe05c98af0dd1f64574c1a67729,huffpost,Already contributed?,neutral,other,neither,other,neutral,neither
5218979fcedf11d779c85d489a892357,0cd4abe05c98af0dd1f64574c1a67729,huffpost,Log in to hide these messages.,neutral,other,neither,other,neutral,neither
de52bbc93230e58361bc9421b267b9df,0cd4abe05c98af0dd1f64574c1a67729,huffpost,"“I mean, not an easy pathway, perhs,” he said.",neutral,quote,neither,quote,neutral,neither
e798eeb1ba178a1f1fdb6189d3c5f24b,0cd4abe05c98af0dd1f64574c1a67729,huffpost,"“But there should be a pathway for the ones that are already here illegally, but who have created a life.",neutral,quote,neither,quote,neutral,neither
fa1bcff5eae27de3696bd4a13d814558,0cd4abe05c98af0dd1f64574c1a67729,huffpost,”That proposal has been a hallmark of immigration reform policies for decades.,neutral,quote,neither,fact,neutral,neither
57ccf9603c7bf9c77d85a9f6f1867972,0cd4abe05c98af0dd1f64574c1a67729,huffpost,"Labeled as “amnesty” by immigration hardliners, opposition to letting people who lived in the country illegally become citizens is part of what led to Trump’s political rise.___Riccardi reported from Denver.",neutral,fact,republican,fact,neutral,republican
a3ee014a6dd08d8b2cdac0dc93ee3787,139757d720599791cb63192df0ccc244,foxnews,"By entering your email and pushing continue, you are agreeing to Fox News' Terms of Use and Privacy Policy, which includes our Notice of Financial Incentive.",neutral,other,neither,fact,neutral,neither
53df77b551f65dc46e18ca26d47be6db,139757d720599791cb63192df0ccc244,foxnews,Tyreek Hill and the Miami Dolphins will be back in action on Thursday night to take on the Buffalo Bills in a pivotal divisional matchup early in the season.,neutral,fact,neither,fact,neutral,neither
16be4ee624ecac28d9dee1f50a5e742a,139757d720599791cb63192df0ccc244,foxnews,"After Hill’s incident with police last weekend and the bodycam footage that was released to the public earlier in the week, fans may think a protest could be coming on the sideline for the Dolphins.",neutral,fact,neither,fact,neutral,neither
d5d06775dbb4a84bac0968a9950524d0,139757d720599791cb63192df0ccc244,foxnews,But that doesn’t pear to be the case.,neutral,borderline,neither,opinion,neutral,neither
99dd7e75780e837da3f0211b5af7f705,139757d720599791cb63192df0ccc244,foxnews,"Dolphins wide receiver Tyreek Hill eyes a ball during a team practice session, Wednesday, Sept. 11, 2024, in Miami Gardens, Florida.",neutral,fact,neither,fact,neutral,neither
3d98df74c8c07fa12f127790ecb46240,139757d720599791cb63192df0ccc244,foxnews,( Photo/Rebecca Blackwell)Hill addressed the incident with reporters on Wednesday.,neutral,fact,neither,fact,neutral,neither
fac8bf7a8ac9e562c6d93ab546d1de26,139757d720599791cb63192df0ccc244,foxnews,"He said he wants the officer placed on administrative duties fired, but said the incident hasn’t been tough to separate from what he has to do on the field.",neutral,fact,neither,fact,negative,neither
7cfb1ecbd93e0cdbf9c1862729b424fa,139757d720599791cb63192df0ccc244,foxnews,,neutral,quote,neither,other,neutral,neither
63407ad538d76a477c99498cbf041c32,139757d720599791cb63192df0ccc244,foxnews,"Not for real because like I said, I’m not going to mix the two,"" the star wide receiver said.",neutral,quote,neither,quote,neutral,neither
51583d8201f1032c89b68312aaf25759,139757d720599791cb63192df0ccc244,foxnews,"""I’m not going to take a knee.",neutral,quote,neither,quote,neutral,neither
190e3524e101da97a70cff9c69599f7d,139757d720599791cb63192df0ccc244,foxnews,I’m not going to ask to defund the police.,neutral,quote,neither,quote,neutral,neither
ccf736cf9988e66febe5ceb2450ace63,139757d720599791cb63192df0ccc244,foxnews,I’m not going to protest.,neutral,quote,neither,quote,neutral,neither
5a430fb9345a3850e0b4df16cb6674b8,139757d720599791cb63192df0ccc244,foxnews,"PATRICK MAHOMES COMMENDS WIFE'S INFLUENCE AFTER TRUMP'S PRAISE AND TAYLOR SWIFT'S HARRIS ENDORSEMENT Tyreek Hill speaks to journalists following a team practice, Wednesday, Sept. 11, 2024, in Miami Gardens, Florida.",neutral,fact,neither,other,neutral,both
8b9938900cd8e57c76253654bd59abcb,139757d720599791cb63192df0ccc244,foxnews,"( Photo/Rebecca Blackwell)""I’m not going to do any of that when it comes to being inside of this football, because this is my thery.",neutral,quote,neither,quote,neutral,neither
d9552dd2d1169f7118c1173abaadf6ee,139757d720599791cb63192df0ccc244,foxnews,Football is my thery – this is how I get away from a lot of stuff.,neutral,quote,neither,quote,neutral,neither
d98423ae1427f63cc0a4189d9323e54b,139757d720599791cb63192df0ccc244,foxnews,This is how I separate myself from past traumas in my life.,neutral,quote,neither,quote,neutral,neither
c08ca460132351bc501917648878f0b1,139757d720599791cb63192df0ccc244,foxnews,"So no, I’m not going to mix the two.",neutral,quote,neither,quote,neutral,neither
e14798d1d1e1b624e606ea13cc4829cf,139757d720599791cb63192df0ccc244,foxnews,Hill admitted he wished he could have done things a little differently in the incident.,neutral,fact,neither,fact,neutral,neither
34a36358047bd0c2cf9ce2b7f3843445,139757d720599791cb63192df0ccc244,foxnews,Kneeling during the national anthem in protest of police brutality and racial injustice became a flashpoint in the NFL world during the 2016 and 2017 seasons.,neutral,fact,neither,fact,neutral,neither
dae270485c84c6498ea22c2f5515a08a,139757d720599791cb63192df0ccc244,foxnews,Former San Francisco 49ers quarterback Colin Kaepernick started the movement.,neutral,fact,neither,fact,neutral,neither
4c37e8d278d6b29f492759958a2ddca4,139757d720599791cb63192df0ccc244,foxnews,"San Francisco 49ers, from left, Eli Harold, Colin Kaepernick and Eric Reid kneel on the sideline during the anthem before the Dallas Cowboys game at Levi's Stadium on Oct. 2, 2016, in Santa Clara, California.",neutral,fact,neither,fact,neutral,neither
910f57b8c225638ac4964a70a57fd11d,139757d720599791cb63192df0ccc244,foxnews,"(Thearon W. Henderson/Getty s)The protest has mostly subsided over the last few seasons, though some players have been seen sporadically taking the action.",neutral,fact,neither,fact,neutral,neither
80432a546d0eddb569e2881d7a341d72,139757d720599791cb63192df0ccc244,foxnews,Follow Fox News Digital’s sports coverage on X and subscribe to the Fox News Sports Huddle newsletter.,neutral,other,neither,other,neutral,neither
abe4f0c083cdc3e7cfc0a38c25aad3ba,139757d720599791cb63192df0ccc244,foxnews,Ryan Gaydos is a senior editor for Fox News Digital.,neutral,fact,neither,fact,neutral,neither
3057bd606d41c6ef16274e214bfdd42e,1eaf2ad9e78d902707a34057a6c8a111,nytimes,SKIP ADVERTISEMENTcampaign notebookFormer President Donald J. Trump’s rehearsed defiance make his supporters feel as though there’s nothing he won’t share.,neutral,opinion,republican,opinion,neutral,republican
0da27e88c2f855c854de4bd55b65f121,1eaf2ad9e78d902707a34057a6c8a111,nytimes,"Former President Donald J. Trump at a campaign rally near Green Bay, Wis., on Wednesday....Doug Mills/Oct. 31, 2024, ETAt a rally this week in Wisconsin, Donald Trump launched into an imitation of his own staff, pleading with him to behave differently.",neutral,fact,republican,fact,neutral,republican
180aeba02d511f5b04a6228a5a9c2f88,1eaf2ad9e78d902707a34057a6c8a111,nytimes,The performance was a classic of the genre.,neutral,opinion,republican,opinion,neutral,neither
741b7f7213f109534074d0330184b421,1eaf2ad9e78d902707a34057a6c8a111,nytimes,"It came during a riff about how he wants to “protect the women,” a formulation his advisers parently do not preciate.",neutral,borderline,republican,fact,neutral,neither
82541bec327a5fc5e49d9d82332075ef,1eaf2ad9e78d902707a34057a6c8a111,nytimes,"“‘Sir, please don’t say that,’” he said in the tone of voice a child uses to imitate an adult.",neutral,quote,republican,quote,neutral,neither
65ceb5516894e0fec6217e9b2f8a946d,1eaf2ad9e78d902707a34057a6c8a111,nytimes,"“They said, ‘We think it’s very inpropriate for you to say.’",neutral,quote,republican,quote,neutral,neither
dcf950896468162e39c219016bb5189e,1eaf2ad9e78d902707a34057a6c8a111,nytimes,"I said, ‘Why, I’m president?",neutral,quote,republican,quote,neutral,neither
558126ef90f1784c1901ee0856f154f3,1eaf2ad9e78d902707a34057a6c8a111,nytimes,I want to protect the women of our country.’,neutral,quote,republican,quote,neutral,neither
b054413c95eb55e9900e4e28ae9e28f2,1eaf2ad9e78d902707a34057a6c8a111,nytimes,"They said, ‘Sir, I just think it’s inpropriate for you to say.",neutral,quote,republican,quote,neutral,neither
ac33dec387307c421f2289afeb9afd6c,1eaf2ad9e78d902707a34057a6c8a111,nytimes,"’”He added, “I pay these guys a lot of money.",neutral,quote,republican,quote,neutral,neither
5f897dcabc5ca08c9889aefdbaedc75e,1eaf2ad9e78d902707a34057a6c8a111,nytimes,Can you believe it?”,neutral,quote,republican,quote,neutral,neither
7127e0db28870c85bea250e130c49b6d,1eaf2ad9e78d902707a34057a6c8a111,nytimes,"But then he told the audience not to worry, for he had stood up to the grown-ups on his payroll.",positive,borderline,republican,fact,neutral,neither
f2500dc39350229f9cb62fbb9de33249,1eaf2ad9e78d902707a34057a6c8a111,nytimes,"“I said, ‘Well, I’m going to do it.",neutral,quote,republican,quote,neutral,neither
bda11eae62a65ec30c50f0f684d97d5a,1eaf2ad9e78d902707a34057a6c8a111,nytimes,"Whether the women like it or not, I’m going to protect them.",neutral,quote,republican,quote,neutral,neither
483c195d5fb77a90a2ebe53f7e8d46a4,1eaf2ad9e78d902707a34057a6c8a111,nytimes,"’”Since the beginning of Mr. Trump’s political rise, this sort of flourish has been a feature of his political oratory.",neutral,quote,republican,fact,neutral,republican
a100598faea0cbd3de5611b8a02156d1,1eaf2ad9e78d902707a34057a6c8a111,nytimes,"He builds up to something he is parently not supposed to say, delighting his crowds when he says it anyway.",neutral,fact,republican,fact,neutral,republican
2420ebf93fecae2c878a136cc1fa4c3f,1eaf2ad9e78d902707a34057a6c8a111,nytimes,"His own staff often functions as the straw man in these scenarios, the overly cautious and overpaid stiffs he is defying in order to keep it real at all times.",neutral,opinion,republican,fact,neutral,neither
0f2f352116b7c3baae579aee39869945,1eaf2ad9e78d902707a34057a6c8a111,nytimes,Mr. Trump did become president by ignoring the advice of political hacks and doing whatever his gut told him to.,neutral,fact,republican,borderline,neutral,republican
30f8ef6fcbc214ddd011e690bfa1a020,1eaf2ad9e78d902707a34057a6c8a111,nytimes,"But nearly a decade later, what he presents as acts of untamed spontaneity are often actually quite deliberate.",neutral,opinion,republican,opinion,neutral,republican
d7a5d9857f0ee39b4dbca7099397a091,1eaf2ad9e78d902707a34057a6c8a111,nytimes,It’s all part of the routine by now.,neutral,opinion,republican,fact,neutral,neither
b59937d780e377d73f5ce52d28bfdb0a,1eaf2ad9e78d902707a34057a6c8a111,nytimes,"And yet, this ability to convey that he is doing or saying something daring or novel even when he is not remains part of his peal with some voters.",neutral,opinion,republican,fact,neutral,republican
16664aae94708932bb44864b768cdf54,1eaf2ad9e78d902707a34057a6c8a111,nytimes,The Wisconsin rally wasn’t even the first time he acted out that particular bit.,neutral,fact,republican,fact,neutral,republican
7dcf02f3322c4a1f742bca95bbc235e5,1eaf2ad9e78d902707a34057a6c8a111,nytimes,"Two nights earlier, he was in Atlanta, pretending to go off the same script: “I think it’s fine to say I will protect the women of this country,” he said.",neutral,quote,republican,fact,neutral,republican
891263dcc9659d9db7eacb39b99c80c3,1eaf2ad9e78d902707a34057a6c8a111,nytimes,"“They said, ‘Please, sir.",neutral,quote,republican,quote,neutral,neither
41e6c2dca19dc060ea60e3acdea69838,1eaf2ad9e78d902707a34057a6c8a111,nytimes,Please don’t say that.,neutral,quote,republican,quote,neutral,neither
e764794d5fa74d3a0aed5e7d7334f5c5,1eaf2ad9e78d902707a34057a6c8a111,nytimes,’”Keep Up With the 2024 ElectionThe presidential election is 5 days away.,neutral,quote,neither,quote,neutral,neither
eae701bb14fffa63d17daf361eb923cd,1eaf2ad9e78d902707a34057a6c8a111,nytimes,Here’s our guide to the run-up to Election Day.,neutral,fact,neither,other,neutral,neither
5655949f55c00cc6e840ae5c98f1ab24,1eaf2ad9e78d902707a34057a6c8a111,nytimes,On Politics Newsletter.,neutral,other,neither,other,neutral,neither
cce7bdd00164c2c10e372296ed6daf56,1eaf2ad9e78d902707a34057a6c8a111,nytimes,Get the latest news and analysis on the 2024 election sent to .,neutral,other,neither,other,neutral,neither
8d2776f0e4438a02d31875246c6ddb31,1eaf2ad9e78d902707a34057a6c8a111,nytimes,Sign up here.,neutral,other,neither,other,neutral,neither
47cb610b5c4ed053e4c0129fbdc9fce8,1eaf2ad9e78d902707a34057a6c8a111,nytimes,"Earlier this month, in the middle of a well-worn riff about Vice President Kamala Harris’s intellect, he said: “Somebody said to me, one of my people, a nice person, staff person, said, ‘Sir, please don’t call her dumb.",neutral,quote,republican,quote,negative,democrat
6fb42518c6bfb6023b989f8bfe40eb8e,1eaf2ad9e78d902707a34057a6c8a111,nytimes,The women won’t like it.’”,neutral,quote,republican,quote,neutral,neither
3835af9cff9dda2081a3c687d5fde2ca,1eaf2ad9e78d902707a34057a6c8a111,nytimes,"On Thursday, in New Mexico, he called Ms. Harris “dumb as a rock” and said “I shouldn’t say this about an opponent, but I have to.",neutral,fact,republican,quote,negative,democrat
799187f3e7f609525161b979eaf8295e,1eaf2ad9e78d902707a34057a6c8a111,nytimes,"”He has done impressions of his staff begging him not to insult people’s looks, before insulting their looks.",neutral,quote,republican,fact,neutral,republican
d8ba5418f016a1e23868f1a1328a0f39,1eaf2ad9e78d902707a34057a6c8a111,nytimes,"He regularly performs an imitation of the pastor Franklin Graham advising him not to use foul language, before using foul language.",neutral,fact,republican,fact,neutral,republican
e751eb9a8bc8cd78e54693375e98d3a4,1eaf2ad9e78d902707a34057a6c8a111,nytimes,"During the Republican primaries, he bragged, parently against the wishes of his staff, about how beloved he was in Iowa, while he was in Iowa: “My guys say, ‘Please, sir, don’t take it for granted that you’re going to win Iowa.",neutral,quote,republican,fact,neutral,republican
417e0c207dad3f0585e14a376eb4d978,1eaf2ad9e78d902707a34057a6c8a111,nytimes,It doesn’t sound good.,neutral,quote,republican,quote,neutral,neither
e94102c27b6bfc67bc28cfe810092239,1eaf2ad9e78d902707a34057a6c8a111,nytimes,’”Rehearsed transgressions.,neutral,quote,republican,fact,neutral,neither
98519029329048f84f267e7f88c2208e,1eaf2ad9e78d902707a34057a6c8a111,nytimes,They serve all kinds of purposes.,neutral,opinion,republican,fact,neutral,neither
a3ceee23be83ca0dc947c53379b82a50,1eaf2ad9e78d902707a34057a6c8a111,nytimes,"His adversaries and the news media often taken the bait he lays out for them, reliably erupting in outrage right on cue.",neutral,opinion,republican,borderline,neutral,neither
3d29cbd90f4751f51d77abcf8b3d5359,1eaf2ad9e78d902707a34057a6c8a111,nytimes,Which only amplifies the pleasure his audiences get out of such remarks.,neutral,opinion,republican,fact,neutral,neither
569ba2fa50b4c4ccf945342bbba1930c,1eaf2ad9e78d902707a34057a6c8a111,nytimes,The “I’m not supposed to say this” shtick also reinforces the bond between Mr. Trump and his audience by making them feel as though there’s nothing he won’t share with them about the wild ride they’re on together.,neutral,opinion,republican,fact,neutral,republican
0e8a72ab12e18c4a2534f6fe68027057,1eaf2ad9e78d902707a34057a6c8a111,nytimes,He told the people of New Mexico that his very presence before them on Thursday afternoon was itself an act of defiance.,neutral,fact,republican,fact,neutral,republican
536e40fbbe5ecdf7438e47eaec0b6f84,1eaf2ad9e78d902707a34057a6c8a111,nytimes,"He said people told him not to come, that he couldn’t win there.",neutral,quote,republican,fact,neutral,republican
eafc1c0bca93f3dbd71b1e71c6200e18,1eaf2ad9e78d902707a34057a6c8a111,nytimes,"And yet, there he was.",neutral,fact,republican,fact,neutral,republican
38781934415233b42062d47351d2ce83,1eaf2ad9e78d902707a34057a6c8a111,nytimes,"Lately, he has been firing up his crowds with a new bit of practiced rebellion.",neutral,fact,republican,fact,neutral,republican
1ed7310902210c6b6773533adb9794e9,1eaf2ad9e78d902707a34057a6c8a111,nytimes,"He says he’s not supposed to boast about early voting numbers, but then says it’s looking really good.",neutral,quote,republican,fact,positive,republican
0e6864f50473a3ea6d64d75392dfac49,1eaf2ad9e78d902707a34057a6c8a111,nytimes,"“I’m not supposed to say this,” he said in Michigan the other day before saying “we're sort of way up.”",neutral,quote,republican,quote,positive,republican
15703d6a510aa9638fc84f4227546c39,1eaf2ad9e78d902707a34057a6c8a111,nytimes,(The data suggests a race that is historically close; Mr. Trump has already begun to foment doubts that the results can be trusted.),neutral,fact,republican,fact,neutral,republican
b9da6710c452f614340ba543639fdfd9,1eaf2ad9e78d902707a34057a6c8a111,nytimes,"Two days earlier, he was onstage in Las Vegas.",neutral,fact,republican,fact,neutral,republican
255df22df3f3cec565c130cf835825c1,1eaf2ad9e78d902707a34057a6c8a111,nytimes,"“Look, I’m not supposed to say it,” he said, “but we are leading by so much.",neutral,quote,republican,quote,positive,republican
10f3147ecbfaae56bed73bf6cc0038b9,1eaf2ad9e78d902707a34057a6c8a111,nytimes,”Michael Gold contributed reporting.SKIP ADVERTISEMENT,neutral,quote,neither,other,neutral,neither
9235c6c908e557d6bca1a5a5b3a1b755,217cdceb4f35039978dde94cb28712ca,apnews,BEIRUT () —,neutral,other,neither,other,neutral,neither
15f937763c30880da39609a5e4d28ed3,217cdceb4f35039978dde94cb28712ca,apnews,"Two back-to-back strikes in Beirut and Tehran, both attributed to Israel and targeting high-ranking figures in Hamas and Hezbollah, have left Hezbollah and Iran in a quandary.",neutral,fact,neither,fact,neutral,neither
1099ab94561eefb331a13444db079232,217cdceb4f35039978dde94cb28712ca,apnews,"Analysts agree that both strikes hit too close to home to pass without a response, and were serious security breaches for Iran and Hezbollah.",neutral,fact,neither,fact,neutral,neither
b7bc74aadba369badec696a382bed385,217cdceb4f35039978dde94cb28712ca,apnews,Calibrating that response to restore deterrence without sparking an even more damaging escalation may be the most delicate balancing act in nearly a year of teetering on the brink of a regional war.,neutral,borderline,neither,fact,neutral,neither
d4095f224cddd75430ff77fc6f1c2afd,217cdceb4f35039978dde94cb28712ca,apnews,"Tuesday’s rare strike in Beirut’s southern suburbs killed a top Hezbollah commander who Israel says was responsible for a missile strike on a soccer field in the town of Majdal Shams in the Israeli-annexed Golan Heights, killing 12 children and teenagers.",negative,fact,neither,fact,negative,neither
efa0e9e8d6a5b87c80a237af20507b46,217cdceb4f35039978dde94cb28712ca,apnews,Hezbollah has denied responsibility for the attack.,neutral,fact,neither,fact,neutral,neither
b276931610aa7f65e3390a13c6eb2a10,217cdceb4f35039978dde94cb28712ca,apnews,"While the target of the strike in Beirut was a military figure, it hit a densely populated urban neighborhood on the outskirts of the cital where Hezbollah has many of its offices, killing at least five civilians — three women and two children — and wounding dozens more.",negative,fact,neither,fact,negative,neither
16aba569624077c99cc191f869c2bdb7,217cdceb4f35039978dde94cb28712ca,apnews,"Less than 12 hours later, the Palestinian militant group Hamas — a Hezbollah ally also backed by Iran — announced that the chief of its political bureau, Ismail Haniyeh, had been killed in an Israeli airstrike in Tehran, where he was attending the inauguration of the new Iranian president.",neutral,fact,neither,fact,neutral,neither
8ee3625f898d1bfa7bfedcb264522cb1,217cdceb4f35039978dde94cb28712ca,apnews,"Israel has neither claimed nor denied responsibility for that strike, which comes nearly 10 months into the brutal war in Gaza sparked by Hamas’ deadly Oct. 7 attack on Israel.",neutral,fact,neither,fact,neutral,neither
af078c1b3bed68f98b22fcacc1de285a,217cdceb4f35039978dde94cb28712ca,apnews,It also coincides with another push by mediators to close a cease-fire and hostage-exchange deal.,neutral,fact,neither,fact,neutral,neither
215c67e768867d952decfe247d0ecaf3,217cdceb4f35039978dde94cb28712ca,apnews,"Haniyeh’s assassination left Iran’s new president, the reformist politician and heart surgeon Masoud Pezeshkian, facing a major crisis within hours of taking office.",negative,fact,neither,fact,negative,neither
69e890ac26f56d7c13a20a4d88a11d0c,217cdceb4f35039978dde94cb28712ca,apnews,"The decision on how to retaliate will fall to Iran’s national security council, of which the president is the chief, although in practice the country’s supreme leader, Ayatollah Ali Khamenei, has the final say.",neutral,fact,neither,fact,neutral,neither
c39466404682078063561b9ab3113fdc,217cdceb4f35039978dde94cb28712ca,apnews,"Analysts said both Hezbollah and Iran will feel compelled to retaliate, but their calculations differ.",neutral,fact,neither,fact,neutral,neither
64ef24cceeccba7d444605d1fa51200b,217cdceb4f35039978dde94cb28712ca,apnews,"Mohanad Hage Ali, a senior fellow at the Carnegie Middle East Center who researches Hezbollah, said that although Israel also struck in Beirut’s southern suburbs in a January attack that killed Hamas official Saleh Arouri, Tuesday’s strike targeted a top Hezbollah commander and killed civilians.",neutral,fact,neither,fact,negative,neither
a5b7f457b3ed0c6f27a6f24b6c7b8116,217cdceb4f35039978dde94cb28712ca,apnews,"“This time, we’re too far into the war, and a Hezbollah commander is the target.",neutral,quote,neither,quote,neutral,neither
06a897f3f40288c17c9b8b89b709d72e,217cdceb4f35039978dde94cb28712ca,apnews,"Hezbollah has to respond, and if they don’t, this would be a new rule: Killing civilians on the Israeli side would lead to targeting of” the Beirut suburbs, he said.",neutral,quote,neither,opinion,neutral,neither
42e5a4f73d4ff64e1a9b43ad6822709d,217cdceb4f35039978dde94cb28712ca,apnews,“Hezbollah cannot afford this.,neutral,quote,neither,quote,neutral,neither
ec9af2e3c3d3c9c8ad0f374b5c9d0227,217cdceb4f35039978dde94cb28712ca,apnews,"”Hezbollah began firing rockets over the Lebanon-Israel border the day after the war in Gaza began, in what it described as a “support front” for Hamas.",neutral,fact,neither,fact,neutral,neither
97fd78af7237b48af477ac72bc320a62,217cdceb4f35039978dde94cb28712ca,apnews,"Although the near-daily clashes have been deadly and have displaced tens of thousands in both Lebanon and Israel, they have remained mostly confined to the border region.",negative,fact,neither,fact,negative,neither
86a83bd5b097e73d85566673077c9a3b,217cdceb4f35039978dde94cb28712ca,apnews,"In order to reestablish deterrence after Tuesday’s strike, Ali said, “Hezbollah would need to respond beyond its now-limited geogrhical scope of operations.",neutral,quote,neither,quote,neutral,neither
a96e30328781763bb9fbd09cb705ea33,217cdceb4f35039978dde94cb28712ca,apnews,"They need to strike deeper in Israeli territories, and this brings with it great risks.",neutral,quote,neither,opinion,negative,neither
678e019094436b9e3bcedf0bf8eaa7d1,217cdceb4f35039978dde94cb28712ca,apnews,"”Andreas Krieg, a military analyst and senior lecturer in security studies at King’s College London, agreed that Hezbollah will feel the need to carry out a significant retaliatory strike.",neutral,quote,neither,fact,neutral,neither
98c400295501071beb2608d8047e42af,217cdceb4f35039978dde94cb28712ca,apnews,"“I think Hezbollah has been hit much harder, much more where it hurts” than Iran, he said.",negative,quote,neither,quote,negative,neither
91c6b8efdd31fb45fa8a069157fbe9a8,217cdceb4f35039978dde94cb28712ca,apnews,"“In the Israeli-Hezbollah confrontation, this is a major escalation whereby Hezbollah has to respond adequately in a more or less timely fashion” to restore deterrence.",neutral,quote,neither,opinion,neutral,neither
d634942f8218df7067ca3d2c67c9644f,217cdceb4f35039978dde94cb28712ca,apnews,"However, the militant group will probably hit a significant military target — such as an air force base near Haifa that peared in a video of surveillance drone footage the group released in July — rather than a civilian target, he said, and will most likely try to calibrate the attack to cause only material damage to limit further escalation.",neutral,quote,neither,opinion,neutral,neither
6522bd2456f6299fedebda421ac2d825,217cdceb4f35039978dde94cb28712ca,apnews,"Nabih Awada, a Lebanese political and military analyst close to the Iranian-backed “axis of resistance” and a former fighter with the Lebanese Communist Party who spent a decade in Israeli prisons along with some of the current Hamas leaders, said Hezbollah saw the strike in Beirut as a “violation of all rules of engagement” because it targeted a civilian residential area and because Hezbollah commander Fouad Shukur was targeted “in his home rather than in a military headquarters.",negative,quote,neither,fact,negative,neither
116e62d6a2dfb079d62e5b1badf70353,217cdceb4f35039978dde94cb28712ca,apnews,"”Hezbollah, he said, “has developed many equations,” including that the response to a strike in Beirut’s southern suburbs will be in Haifa.",neutral,quote,neither,quote,neutral,neither
f6e7eec37e593be4f98235fc28f29640,217cdceb4f35039978dde94cb28712ca,apnews,"For Iran, the situation is more complicated.",neutral,fact,neither,fact,neutral,neither
71f227f14dd4d0642c7ba85f858d3104,217cdceb4f35039978dde94cb28712ca,apnews,"In some ways, the current moment mirrors the time in April when Israel and Iran risked plunging into a war after Israel hit an Iranian consular building in Damascus, killing two Iranian generals.",neutral,fact,neither,fact,negative,neither
4b03444fdf43cab4ba8c4b29a3ca72f8,217cdceb4f35039978dde94cb28712ca,apnews,Iran retaliated with an unprecedented direct strike on Israel.,neutral,fact,neither,fact,neutral,neither
ca0255a61eafb787f15885a67932659b,217cdceb4f35039978dde94cb28712ca,apnews,"At that time, diplomatic efforts managed to contain the escalation.",neutral,fact,neither,fact,neutral,neither
d209533f53d6f2586d2e102a851c5a92,217cdceb4f35039978dde94cb28712ca,apnews,But there are key differences.,neutral,fact,neither,borderline,neutral,neither
1174c9a43cd0230cbfc5930b60ddea6b,217cdceb4f35039978dde94cb28712ca,apnews,"The assassination of Haniyeh took place on Iranian soil, embarrassing Tehran and making clear that Israel can easily hit targets there.",negative,fact,neither,fact,negative,neither
1ea324629a75ddfaebd0832884e8199d,217cdceb4f35039978dde94cb28712ca,apnews,"While some analysts believe that will be mitigated by the fact the target was not an Iranian figure, Iranian officials have vowed a harsh response.",neutral,fact,neither,fact,neutral,neither
d53efa4165a20edcd7a2fb991727440a,217cdceb4f35039978dde94cb28712ca,apnews,"Krieg said that while Haniyeh’s death was “damaging reputationally” for Iran and “humiliating” because it showed that Tehran was unable to protect high-profile visitors, “Haniyeh is not an integral part of the axis of resistance.”",negative,quote,neither,opinion,negative,neither
794a1e7fff91169a2a2a38c53bb72594,217cdceb4f35039978dde94cb28712ca,apnews,"“His death has no strategic implications for Iran other than it being a sl in the face because you’re the host and your guest was killed while you were on watch,” he said.",negative,quote,neither,quote,negative,neither
0776d70b3a99753c4e0f0f500430bfb5,217cdceb4f35039978dde94cb28712ca,apnews,"As such, Krieg said he believes Iran could choose to mitigate its response.",neutral,quote,neither,fact,neutral,neither
47142d3b18e751002e04f3c2bd0db872,217cdceb4f35039978dde94cb28712ca,apnews,"Nomi Bar-Yaacov, an associate fellow in the International Security Programme at Chatham House, said Iran might turn to its proxies to retaliate.",neutral,fact,neither,fact,neutral,neither
583e878c1353f3a9f471d018dae9f6ef,217cdceb4f35039978dde94cb28712ca,apnews,"“They have got their people, training, arming, planning everywhere, and they can reach anywhere in the world,” she said.",neutral,quote,neither,quote,neutral,neither
f7195523f43e7abd3065665f26e39258,217cdceb4f35039978dde94cb28712ca,apnews,“They can also hit Israeli or Jewish targets globally.,neutral,quote,neither,quote,neutral,neither
4219b06fc6dc33544bc80392e5049c35,217cdceb4f35039978dde94cb28712ca,apnews,"”Trita Parsi, executive vice president of the Quincy Institute for Responsible Statecraft, said he expects Iran’s response to be another direct hit on Israel.",neutral,quote,neither,fact,neutral,neither
bb61c53c8c7058230adc6358abfded50,217cdceb4f35039978dde94cb28712ca,apnews,"The strike on Haniyeh “wasn’t just on Iranian territory, it was in Tehran,” he said.",neutral,quote,neither,quote,neutral,neither
7ef51adbd44f05125518d88d9d842f8c,217cdceb4f35039978dde94cb28712ca,apnews,“It was at the inauguration.,neutral,quote,neither,quote,neutral,neither
406a8a995b31264ad888084c025f23aa,217cdceb4f35039978dde94cb28712ca,apnews,It doesn’t matter who was targeted” and whether or not the target was Iranian.,neutral,quote,neither,quote,neutral,neither
2a71c3e4e806c1fcc687e6456a379173,217cdceb4f35039978dde94cb28712ca,apnews,"Iranians, he said, are likely feeling that “if the demonstration of force in April managed to restore deterrence in the short run, that deterrence is now gone” and that they are “going to have do way more than what they did in April in order to be able to restore the balance of power.",neutral,quote,neither,quote,neutral,neither
80c95988bc4639753e1af87f32b23b6a,217cdceb4f35039978dde94cb28712ca,apnews,"”The exchange in April did not spiral because of the diplomatic intervention by the United States and others, and the Iranian strike itself peared carefully choreogrhed to cause minimal damage.",neutral,quote,neither,quote,neutral,neither
a96f98f27918280e11cabe8659e28157,217cdceb4f35039978dde94cb28712ca,apnews,"Still, Parsi said, there was also “a lot of luck” that went into keeping the escalation limited.",neutral,quote,neither,fact,neutral,neither
13d8c07dd9ef1b8574f3ce6d435c8b36,217cdceb4f35039978dde94cb28712ca,apnews,“It’s a pivotal moment in this conflict.,neutral,quote,neither,quote,neutral,neither
f5599df7cec18895b4209f39dfd841e4,217cdceb4f35039978dde94cb28712ca,apnews,"I don’t think we’ve been in as difficult a moment in this conflict, given that we’ve seen what Iran is cable of in April,” Bar-Yaacov said.",negative,quote,neither,quote,neutral,neither
d533232ec1680eeb3d98f1a88542e027,217cdceb4f35039978dde94cb28712ca,apnews,"If the response to the strikes does not cause Israeli casualties, a wider war could still be avoided, Ali said.",neutral,quote,neither,quote,positive,neither
61615ae0210581e95686d79b369bde3f,217cdceb4f35039978dde94cb28712ca,apnews,"But, he added, “We are in the territory of too many ‘ifs’ to avoid a war, and this doesn’t bode well.",negative,quote,neither,quote,negative,neither
378f5696d5df696504afffa4c51ebb53,217cdceb4f35039978dde94cb28712ca,apnews,”___ writers Sarah El Deeb in Beirut and Danica Kirka in London contributed to this report.,neutral,quote,neither,fact,neutral,neither
0aa56f1c67cf56eb1a1e9677ea25341d,248c6b183f7fcbbf60bba8c1c696550d,breitbart,"The Tren de Aragua, the Venezuelan transnational crime syndicate now terrorizing several U.S. cities, established a firm criminal presence after socialist dictator Nicolás Maduro emptied Venezuela’s prisons in late 2023.",negative,fact,neither,fact,negative,neither
8341b2acf8176487b80552cfb7d6a96b,248c6b183f7fcbbf60bba8c1c696550d,breitbart,"In recent years, the Tren de Aragua spread its presence across several Latin American countries such as Colombia, Chile, and Peru before reaching the United States, with several of its members passing through the U.S. southern border.",neutral,fact,neither,fact,neutral,neither
55592696221c88e995ef6b09d8360a22,248c6b183f7fcbbf60bba8c1c696550d,breitbart,U.S. Customs and Border Protection (CBP) began tracking Tren de Aragua encounters at the border as early as March 2023.,neutral,fact,neither,fact,neutral,neither
203fc2b26b65eaa1e941247a73de01b2,248c6b183f7fcbbf60bba8c1c696550d,breitbart,"The gang, which originally began in 2012 as a local trade union in the eponymous state of Aragua, evolved into a full-fledged crime syndicate over the past decade under the auspices of the Maduro regime, with which it is believed to maintain deep ties.",neutral,fact,neither,fact,neutral,neither
8567c685628c2ff45d0b650e8702c1ea,248c6b183f7fcbbf60bba8c1c696550d,breitbart,"Tren de Aragua’s extensive list of crimes are believed to range from theft, homicide, extortion, contraband, and kidnping to drug, human, and arms trafficking.",negative,fact,neither,fact,negative,neither
2dd75677565d3c0aeec5a60245aaf02e,248c6b183f7fcbbf60bba8c1c696550d,breitbart,"The gang achieved its dramatic expansion notably in part due to the Venezuelan socialists’ prison policies, which granted the country’s main gangs full internal control of the inmate facilities, ruling them under a pseudo-fiefdom system locally known as the Pranato (“Pranate”).",negative,fact,neither,fact,neutral,neither
9565426380fe88dea5bb4db4a6e7a14b,248c6b183f7fcbbf60bba8c1c696550d,breitbart,"The Maduro regime’s lenient prison policies, together with the Pranate system — which features its own extensive lexicon based on the language of the pran, or “thug” — effectively allowed gang leaders to orchestrate criminal activities from within prisons.",negative,fact,neither,fact,negative,neither
81e2bd74f27453a5caf73b936ddac9c8,248c6b183f7fcbbf60bba8c1c696550d,breitbart,"The gangs rampantly engaging in extortion, kidnpings, and robberies, among other crimes, with parent impunity, while the Venezuelan National Guard safeguards the gang-controlled prisons from outside attack.",negative,fact,neither,fact,negative,neither
f1fca23f715e8d519bc7a4d11652985e,248c6b183f7fcbbf60bba8c1c696550d,breitbart,"Under the Tren de Aragua’s Pranate of the Tocorón prison, located in Aragua, the gang’s founder and leader Héctor “The Child” Guerrero oversaw the group’s criminal activities and its international expansion across Latin America, which reportedly began in 2018.",neutral,fact,neither,fact,neutral,neither
f5d7df6e22ffc93f26d64c63622b9b7d,248c6b183f7fcbbf60bba8c1c696550d,breitbart,"Guerrero, as the prison’s pran, also oversaw Tocorón’s internal transformation, turning it into the main headquarters of the gang with “amenities” including its own zoo, baseball field, bars, a casino, a nightclub, a bank, a pool, playgrounds, and its own cryptocurrency farm.",neutral,fact,neither,fact,neutral,neither
4f4beec5ca5a8c9165bba323395a310e,248c6b183f7fcbbf60bba8c1c696550d,breitbart,"The gang’s international expansion is believed to have started in places such as the Colombian town of La Parada, where the gang engaged in the extortion, smuggling, and sexual trafficking of Venezuelan migrants fleeing from socialism in what is now considered to be the worst migrant crisis in the Western Hemisphere.",negative,fact,neither,fact,negative,neither
c414dca35def976465a20ce46292bb16,248c6b183f7fcbbf60bba8c1c696550d,breitbart,"In September, the Maduro regime “raided” Tocorón and “dismantled” the gang after years of parent indifference towards Tren de Aragua and its extensive criminal activities.",negative,fact,neither,fact,neutral,neither
c0cb5bf18de2acba142e998868f317d4,248c6b183f7fcbbf60bba8c1c696550d,breitbart,"The “raid” concluded with Tocorón emptied of its inmates as part of a broader “security” initiative known as the Cacique Guaicaipuro Liberation Operation that resulted in other prisons, such as the Tocuyito prison — at the time Venezuela’s most populated prison — also emptied of its inmates.",neutral,fact,neither,fact,neutral,neither
e3e36bf999ae5c6c1c097d743e8822b5,248c6b183f7fcbbf60bba8c1c696550d,breitbart,"Experts believe that the Maduro regime negotiated with Guerrero before the “raid,” allowing him and his top brass to safely esce through a series of tunnels that connected the inmate center with the nearby Lake Valencia.",negative,borderline,neither,fact,neutral,neither
49ef2d63e4747178f54ae7a47c12d186,248c6b183f7fcbbf60bba8c1c696550d,breitbart,Gang members had frequently used the tunnels to freely come and go from the prison at their leisure.,neutral,fact,neither,fact,neutral,neither
a627249f1fb707d31cda669a44595d8a,248c6b183f7fcbbf60bba8c1c696550d,breitbart,Guerrero’s whereabouts remain unknown at press time.,neutral,fact,neither,fact,neutral,neither
fcdc899452f72e0994f536fe4ff41a44,248c6b183f7fcbbf60bba8c1c696550d,breitbart,"Authorities from the Cook County Sheriff’s Office in Chicago, Illinois, reportedly confirmed the presence of Tren de Aragua’s gang members in the city since at least October 2023 — weeks after the “raid” of Tocorón.",negative,fact,neither,fact,neutral,neither
03e16f518d0776ea51fe220cff2d1974,248c6b183f7fcbbf60bba8c1c696550d,breitbart,"In the months following the “raid,” other U.S. cities began reporting criminal acts linked to the gang.",negative,fact,neither,fact,neutral,neither
92d6484b2e647e941b876b6af27a2f47,248c6b183f7fcbbf60bba8c1c696550d,breitbart,"U.S. authorities have confirmed the active presence of Tren de Aragua in other cities such as Miami, New York, Dallas, and Atlanta.",neutral,fact,neither,fact,neutral,neither
b87667aed90bcd6d47f82c1b073f8c56,248c6b183f7fcbbf60bba8c1c696550d,breitbart,"According to internal documentation from the Department of Homeland Security, Tren de Aragua has given the “green light” to its members to attack U.S. law enforcement officers.",negative,fact,neither,fact,negative,neither
6f591dc7b1bbd94341f58e8b872a302c,248c6b183f7fcbbf60bba8c1c696550d,breitbart,"The city of Aurora, Colorado, which neighbors sanctuary city Denver, also reported the presence of the gang in its territory, taking over entire artment complexes.",negative,fact,neither,fact,neutral,neither
6d1e37b174c83ade7c22239556598e21,248c6b183f7fcbbf60bba8c1c696550d,breitbart,The Aurora police department announced last week the creation of a joint task force with both Colorado’s state patrol and the state’s Bureau of Investigation to address the growing threat of Tren de Aragua in the state.,neutral,fact,neither,fact,neutral,neither
c0b0a5dae0d1b0d7c3f9c0baaf9a409b,248c6b183f7fcbbf60bba8c1c696550d,breitbart,"In May, law enforcement authorities in Louisiana dismantled a sex trafficking network linked to Tren de Aragua that arranged for its victims to be smuggled into the United States after teaching them how to request asylum at the southern border.",negative,fact,neither,fact,negative,neither
ccb3923931854eaa2ed74bd2b74cafb9,248c6b183f7fcbbf60bba8c1c696550d,breitbart,The sex trafficking gang then forced the victims into prostitution to pay for the “debt” accrued from smuggling them into the United States.,negative,fact,neither,fact,negative,neither
654eabd09a980f9c122c095f06fb4d05,248c6b183f7fcbbf60bba8c1c696550d,breitbart,The Maduro regime’s official “stance” on the Tren de Aragua pears to vary depending on what suits them at a specific moment.,negative,borderline,neither,fact,neutral,neither
00e31ce8e3f8c241f0b0496f130dfb39,248c6b183f7fcbbf60bba8c1c696550d,breitbart,"Several of the rogue socialist regime’s members, such as Foreign Minister Yvan Gil and Attorney General Tarek William Saab repeatedly insisted throughout the year that Tren de Aragua “does not exist” and is part of an alleged international smear campaign to hurt the rogue regime’s image.",negative,fact,neither,fact,negative,neither
6b3a1ae4405fc726e593fa8a6764b2ac,248c6b183f7fcbbf60bba8c1c696550d,breitbart,"Last week, Gil claimed that Tren de Aragua — which according to him does not exist — is allegedly working with the Venezuelan opposition to stage a coup against dictator Nicolás Maduro following his fraudulent presidential “reelection” in July.",negative,fact,neither,fact,neutral,neither
927e9d53094206a395ca1898e8557d85,248c6b183f7fcbbf60bba8c1c696550d,breitbart,Reports published in April indicated that the Maduro regime employed the gang to hunt down Venezuelan dissidents in foreign countries.,negative,fact,neither,fact,negative,neither
d44be96cf82e2e5336ba534b55cb11a0,248c6b183f7fcbbf60bba8c1c696550d,breitbart,"Venezuelan dissident Ronald Ojeda was abducted from his residence in Santiago, Chile, in late February by individuals linked to the Tren de Aragua.",negative,fact,neither,fact,neutral,neither
df11c746b3a25634244476f470c160a3,248c6b183f7fcbbf60bba8c1c696550d,breitbart,Ojeda’s body was found buried inside a suitcase under a concrete structure ten days after his abduction.,negative,fact,neither,fact,negative,neither
9c8dd2fad2c5a3d0cf5831746f265c3c,248c6b183f7fcbbf60bba8c1c696550d,breitbart,"In April, Argentine Security Minister Patricia Bullrich denounced Tren de Aragua as a state-sponsored terrorist group, asserting that its criminal actions as “not autonomous” from that of the socialist Maduro regime.",negative,fact,neither,fact,negative,neither
974652dcf65123c4192fc61a73ce24eb,248c6b183f7fcbbf60bba8c1c696550d,breitbart,“The Tren de Aragua does not strike in just any way.,neutral,quote,neither,quote,neutral,neither
9aa419c5922f022b2671b42d66791257,248c6b183f7fcbbf60bba8c1c696550d,breitbart,"The Tren de Aragua strikes with a procedure, with a matrix of operation, with a logic that always does exactly the same thing,” Bullrich explained at the time.",neutral,quote,neither,quote,neutral,neither
a8a2eeb07ca43d60aa75e79619d8d68d,248c6b183f7fcbbf60bba8c1c696550d,breitbart,“It settles in a certain place.,neutral,quote,neither,quote,neutral,neither
0737f544546a288efc561c2962a05190,248c6b183f7fcbbf60bba8c1c696550d,breitbart,It comes with a group in general of Venezuelan nationality.”,neutral,quote,neither,quote,neutral,neither
b3a54c08b3cf871cf4acb1ab27e1d756,248c6b183f7fcbbf60bba8c1c696550d,breitbart,"“Consequently, it is important to analyze whether it is an organization that is autonomous from the state or not autonomous from the state.",neutral,quote,neither,quote,neutral,neither
f30a42d2fcc5670e81ddfc969835c191,248c6b183f7fcbbf60bba8c1c696550d,breitbart,"I tend to think that it is not autonomous from the state,” she continued.",neutral,quote,neither,quote,neutral,neither
f7686360a4c856fb0e12446d5645903e,248c6b183f7fcbbf60bba8c1c696550d,breitbart,The Tocorón and Tocuyito prisons emptied by the Venezuelan socialists last year will soon serve as the Maduro regime’s new “re-education centers” for anti-socialists.,negative,fact,neither,fact,neutral,neither
fa7b646f2b9ca5e2302f1617354afd34,248c6b183f7fcbbf60bba8c1c696550d,breitbart,"The refurbishing is part of the Maduro regime’s ongoing brutal crackdown following the July 28 sham presidential election, which Maduro fraudulently insists he “won.”",negative,quote,neither,fact,negative,neither
95ebe9086329ab0ea07ee3074f76ff2f,248c6b183f7fcbbf60bba8c1c696550d,breitbart,The arrival of dissidents to the two prisons reportedly started this week — including groups of minors that the Maduro regime has detained through the ongoing dissident crackdown.,negative,fact,neither,fact,negative,neither
9131f0d92ad1ae16aaca2c4e8cf490d8,248c6b183f7fcbbf60bba8c1c696550d,breitbart,Christian K. Caruzo is a Venezuelan writer and documents life under socialism.,neutral,other,neither,fact,neutral,neither
c08d8651c063413deff78ae89194f4b8,248c6b183f7fcbbf60bba8c1c696550d,breitbart,You can follow him on Twitter here.,neutral,other,neither,other,neutral,neither
931ec8e8166a463f7bcb739f1cf9f7b3,25fe6d15da7baeb123aa697a8a2facd3,foxnews,"By entering your email and pushing continue, you are agreeing to Fox News' Terms of Use and Privacy Policy, which includes our Notice of Financial Incentive.",neutral,other,neither,other,neutral,neither
165c794d72ac58e242ddec0b93252cdd,25fe6d15da7baeb123aa697a8a2facd3,foxnews,NEWYou can now listen to Fox News articles!,neutral,fact,neither,other,neutral,neither
c65b24634c86fcf4406ccebdc428ab20,25fe6d15da7baeb123aa697a8a2facd3,foxnews,"Leave it to MSNBC to ferret out ""The biggest difference between Trump's and Harris' economic pitches.""",negative,quote,democrat,fact,neutral,both
d0e21e2d1235dc688164f3aa757b2cfe,25fe6d15da7baeb123aa697a8a2facd3,foxnews,"According to a recent MSNBC opinion piece with that title, ""Trump is obsessed with the macroeconomics, big-picture, 10,000-foot view of the economy"" while Harris offers a ""microeconomic pitch,"" with specific polices to improve Americans’ economic circumstances.",neutral,quote,democrat,fact,neutral,both
6a08d3e2755d948cfa5d954b52076461,25fe6d15da7baeb123aa697a8a2facd3,foxnews,"Respectfully, the piece does not make the point its author thought he was making.",negative,opinion,democrat,opinion,neutral,neither
9bd889464243f7f53690335adb6ac35f,25fe6d15da7baeb123aa697a8a2facd3,foxnews,"Particularly in this election year, no one should criticize a presidential candidate as ""obsessed"" with addressing macroeconomic issues such as inflation, wages, interest rates, economic growth and the deficit.",negative,opinion,neither,opinion,neutral,neither
705a4339681b2f96366c7b6efa3f143f,25fe6d15da7baeb123aa697a8a2facd3,foxnews,"Former President rump was welcomed onstage by Pennsylvania steelworkers, who gave him a commemorative hard hat.",neutral,fact,republican,fact,positive,republican
d4ddbd2f894a2ffd35b21a070e884187,25fe6d15da7baeb123aa697a8a2facd3,foxnews,"(Pool)The Biden/Harris administration’s failure to effectively address these very issues resulted in massive inflation, declining real wages, stifling interest rates, a surging federal deficit, and an almost incomprehensibly large national debt.",negative,opinion,democrat,fact,negative,democrat
20ec0275301d1303eb13e78ef1ab02d8,25fe6d15da7baeb123aa697a8a2facd3,foxnews,KAMALA HARRIS WANTS AMERICA TO HAVE THE WORLD'S HIGHEST DEATH TAXAmerican voters will likely insist that the next president have a better plan to address those issues.,negative,opinion,democrat,fact,negative,democrat
329320b05098e5a2135f6aab9e1ff7ce,25fe6d15da7baeb123aa697a8a2facd3,foxnews,And there’s the rub – Harris doesn’t have one.,negative,opinion,democrat,opinion,neutral,democrat
da23e15014fe054033591c14306e42d1,25fe6d15da7baeb123aa697a8a2facd3,foxnews,"She has unabashedly praised the current plan, a failed big government hodgepodge of massive spending and increased regulatory pressure called Bidenomics.",negative,opinion,democrat,fact,negative,democrat
7eabbaff1823e98eb6820961e433d955,25fe6d15da7baeb123aa697a8a2facd3,foxnews,"In fact, when asked in a recent interview how she would govern differently from Biden, she conceded that ""nothing comes to mind.""",neutral,quote,democrat,fact,neutral,democrat
3930e91e85d7b9eb070a46d08fea1460,25fe6d15da7baeb123aa697a8a2facd3,foxnews,So much for being the change candidate.,negative,opinion,democrat,fact,neutral,neither
313d5f38d4feceb5fef2a3146a99c64e,25fe6d15da7baeb123aa697a8a2facd3,foxnews,"Lacking an effective macroeconomic plan, Harris has opted for targeted policies designed to assuage voter groups Biden/Harris economic policies have harmed – that’s the so-called ""microeconomic pitch.""",negative,quote,democrat,fact,negative,democrat
69362fa3f588ddb5e9215277afa6c924,25fe6d15da7baeb123aa697a8a2facd3,foxnews,KAMALA HARRIS CLAIMS SHE SUPPORTS SMALL BUSINESS.,neutral,quote,democrat,fact,neutral,democrat
0e169c3100492bd9143d0ad89b04e77a,25fe6d15da7baeb123aa697a8a2facd3,foxnews,SHE DOESN'T AND I HAVE THE RECEIPTSFeel like grocery prices are too high with inflation up over 20%?,negative,opinion,democrat,other,neutral,neither
369414574f6dec7867cdec4033ed9bf2,25fe6d15da7baeb123aa697a8a2facd3,foxnews,Harris will attack nonexistent price gouging to show she cares.,negative,opinion,democrat,fact,negative,democrat
460e3c69e3c206db17de2a6445e13ed1,25fe6d15da7baeb123aa697a8a2facd3,foxnews,Can’t afford that new home with interest rates triple what they were when she took office?,negative,opinion,democrat,other,neutral,democrat
e2b7fee8d57afffea674b933d8b8c809,25fe6d15da7baeb123aa697a8a2facd3,foxnews,"Harris will give you $25,000 to ease the pain.",neutral,fact,democrat,fact,neutral,democrat
d6205827a0f440bd34b0ea0fb2d4cbbc,25fe6d15da7baeb123aa697a8a2facd3,foxnews,Are you trying to support yourself and your parents in the inflation-ridden Biden/Harris economy?,negative,opinion,democrat,other,neutral,democrat
0bdd2d901d2ab38520e4548e6ce88f97,25fe6d15da7baeb123aa697a8a2facd3,foxnews,Harris will expand Medicare to reduce that pain.,neutral,fact,democrat,fact,neutral,democrat
5bdc3757ec09590dc246851ffaff6773,25fe6d15da7baeb123aa697a8a2facd3,foxnews,"Harris’ latest concern is that she’s losing the votes of Black men, many of whom are supporting Trump with his proven record of providing jobs and opportunity and increasing real wages.",neutral,fact,democrat,opinion,neutral,both
13da7f65e003ab9cf38d3f1b3ec323a8,25fe6d15da7baeb123aa697a8a2facd3,foxnews,"That is, policies that empower them to improve their lives.",positive,opinion,republican,fact,positive,neither
9ad4bf7695765bb1614ec1efb5a53992,25fe6d15da7baeb123aa697a8a2facd3,foxnews,"KAMALA HARRIS, YOU CAN'T RUN FROM AMERICA'S COST-OF-LIVING CRISIS.",neutral,quote,democrat,opinion,negative,democrat
6d9520eeb2179f9bcf5ff39a5f85b473,25fe6d15da7baeb123aa697a8a2facd3,foxnews,"AND YOUR PRICE-GOUGING CLAIMS EQUAL NO SALESo, Harris is offering what she calls an ""Opportunity Agenda for Black Men,"" including ""fully forgivable"" loans of ""up to $20,000"" for ""Black entrepreneurs,"" and the legalization of ""recreational marijuana"" to create ""opportunities for Black Americans"" in this ""new industry.""",neutral,quote,democrat,fact,positive,democrat
716edce0d9d35ace3d3fb09fb84270dc,25fe6d15da7baeb123aa697a8a2facd3,foxnews,"Seriously, free money and legal marijuana.",negative,opinion,democrat,fact,neutral,neither
123f89b807333e65cd8793dbe182f429,25fe6d15da7baeb123aa697a8a2facd3,foxnews,You couldn’t credibly make this up.,negative,opinion,neither,opinion,negative,neither
2c2758678b6e3f965796e231a23128bc,25fe6d15da7baeb123aa697a8a2facd3,foxnews,"Even Left-leaning economists, media outlets and campaign surrogates have criticized many of these policies as political pandering, gimmicks, unrealistic or simply bad economics – and they are.",negative,opinion,democrat,fact,negative,democrat
32c544eecaa3c90a5ba4cebaa85be273,25fe6d15da7baeb123aa697a8a2facd3,foxnews,But the real problem is not with a particular policy’s merits or demerits.,negative,opinion,neither,fact,neutral,neither
671d5cf075535290623a7a8d44313caf,25fe6d15da7baeb123aa697a8a2facd3,foxnews,The problem is that Harris has no consistent economy wide (that is macroeconomic) plan.,negative,opinion,democrat,opinion,negative,democrat
565894b857a6d2c9b2f00d045f2cd7d3,25fe6d15da7baeb123aa697a8a2facd3,foxnews,"Rather, like the little Dutch boy, Harris’ proach is to put her fingers in the economic dam to assuage specific suffering voter groups – hoping that the macroeconomic dam doesn’t break, at least not before the election.",negative,opinion,democrat,opinion,negative,democrat
a29bff75fcd44a26231bb72954b9222c,25fe6d15da7baeb123aa697a8a2facd3,foxnews,BIDENOMICS ARCHITECT IS KAMALA’S ECONOMIC WHISPERERMSNBC did get one thing right – Trump is obsessed with macroeconomic issues.,neutral,fact,republican,fact,neutral,republican
8a933553a9ae1fdd40e93cad9e15cb85,25fe6d15da7baeb123aa697a8a2facd3,foxnews,"His plan is to spur economic growth by cutting taxes, slashing growth killing regulations, and incentivizing domestic energy production, including fossil fuels.",neutral,fact,republican,fact,neutral,republican
0255eccd72d57bf16ee2e61bb7fc1f17,25fe6d15da7baeb123aa697a8a2facd3,foxnews,"It’s a plan that will improve the overall economy, benefiting all Americans regardless of their income, race or sex as it did in his first term.",positive,opinion,republican,opinion,positive,republican
8bb14b81422638d47c42b6256f4b6603,25fe6d15da7baeb123aa697a8a2facd3,foxnews,"To parhrase President Kennedy, a rising economic tide lifts all boats.",neutral,quote,neither,fact,positive,neither
cc2542bdc91534847307456d546d7e93,25fe6d15da7baeb123aa697a8a2facd3,foxnews,Trump has a rising tide economic plan.,positive,opinion,republican,opinion,positive,republican
682d2e541b6bcdbc3f5649ee93d3ca5b,25fe6d15da7baeb123aa697a8a2facd3,foxnews,Harris does not.,negative,opinion,democrat,opinion,negative,democrat
9b3a2a21d01594e1819260ea1dafce7c,25fe6d15da7baeb123aa697a8a2facd3,foxnews,"To blunt Trump’s macroeconomic advantage, the MSNBC piece criticizes Trump’s ""bid to end taxes on overtime pay"" as ""pandering.""",negative,quote,democrat,fact,neutral,republican
3a3e6cf7c48641c73f3a07c8fa776494,25fe6d15da7baeb123aa697a8a2facd3,foxnews,But tax cuts are an important part of Trump’s macroeconomic plan.,neutral,fact,republican,fact,neutral,republican
b15671248393acb2c8c65f19df2c7e22,25fe6d15da7baeb123aa697a8a2facd3,foxnews,"Trump wants to cut taxes for everyone – particularly people who work hard (no tax on overtime), provide superior service (no tax on tips), or have worked hard all their lives (no tax on Social Security benefits).",neutral,fact,republican,fact,positive,republican
85649b2cc99448190a1aff1a994654fa,25fe6d15da7baeb123aa697a8a2facd3,foxnews,These tax cuts target no race or sex and have the advantage of being good both economically and politically.,positive,opinion,republican,opinion,positive,neither
f922816d281e3beaf2f2804eca00e6dd,25fe6d15da7baeb123aa697a8a2facd3,foxnews,"In fact, Harris has already adopted Trump’s no tax on tips proposal as her own.",neutral,fact,democrat,fact,neutral,democrat
d28516bd4fb3f4157e61f30a0a9970d7,25fe6d15da7baeb123aa697a8a2facd3,foxnews,Something the MSNBC piece ignores.,negative,opinion,democrat,fact,neutral,neither
aaf7d35da3c15159a94bf2a6d57bebb6,25fe6d15da7baeb123aa697a8a2facd3,foxnews,"Finally, the MSNBC piece claims that Trump’s ""absolutely favorite"" economic solution ""is to sl crippling tariffs on imports to the U.S.""",neutral,quote,democrat,fact,neutral,republican
7675fccc1ae8f661280957eeb7c068ec,25fe6d15da7baeb123aa697a8a2facd3,foxnews,"But if tariffs are so crippling, why did the Biden/Harris administration keep in place Trump’s tariffs from his first term and then dramatically increase them in September to 100% on electric vehicles, 50% on solar cells and 25% on electrical vehicle batteries, critical minerals, steel, aluminum, face masks and ship-to-shore cranes.",neutral,fact,democrat,fact,neutral,both
91ad1ff1cd1fa4b213260bc68f2b3a5e,25fe6d15da7baeb123aa697a8a2facd3,foxnews,"Not to mention increased tariffs on other products, including semiconductor chips, over the next two years.",neutral,fact,democrat,fact,neutral,neither
636bad2fe0fc1c8484ebc76a43185a00,25fe6d15da7baeb123aa697a8a2facd3,foxnews,"Well, here’s why – according to Biden/Harris administration Trade Representative Katherine Tai, these stiff tariff increases are a ""legitimate and constructive"" tool for re-invigorating U.S. businesses.",neutral,fact,democrat,fact,neutral,democrat
c7fad3c11a0294de4f9e620ebd2e80fc,25fe6d15da7baeb123aa697a8a2facd3,foxnews,Who knew?,neutral,opinion,neither,other,neutral,neither
ba011435138d516c45f8e2aa36137519,25fe6d15da7baeb123aa697a8a2facd3,foxnews,We’ve had nearly four years of economic frustration and pain due to the Biden/Harris administration’s failed economic policies.,negative,opinion,democrat,opinion,negative,democrat
44afdcd1b85e2ded72c4017e70dce213,25fe6d15da7baeb123aa697a8a2facd3,foxnews,"As the MSNBC piece inadvertently points out, Trump has a macroeconomic plan for that, Harris does not.",negative,opinion,democrat,fact,neutral,both
976d7d171bf642dbf1b4f4eecc3aff3a,25fe6d15da7baeb123aa697a8a2facd3,foxnews,CLICK HERE TO READ MORE FROM ANDY PUZDER,neutral,other,neither,other,neutral,neither
9a31ea42bed7f05343bbb27f55f8bdf8,2643c0b928e81e54cc2a0bbb1bc88ac2,wsj,"Updated Oct. 29, 2024 12:08 am ETA",neutral,fact,neither,other,neutral,neither
f4f4dea5bb643c61c32ffd8fddb54691,2643c0b928e81e54cc2a0bbb1bc88ac2,wsj,Standard Missile is launched from the USS McCampbell during a flight test off the coast of the Pacific Missile Range Facility in Hawaii.,neutral,fact,neither,fact,neutral,neither
ad5b9c496db618f2bc4a94ce9c8573cd,2643c0b928e81e54cc2a0bbb1bc88ac2,wsj,"WASHINGTON—The U.S. is running low on some types of air-defense missiles, raising questions about the Pentagon’s readiness to respond to the continuing wars in the Middle East and Europe and a potential conflict in the Pacific.",negative,fact,neither,fact,neutral,neither
8adb48ff007b884ae2080b7d5cc5d321,2643c0b928e81e54cc2a0bbb1bc88ac2,wsj,"Interceptors are fast becoming the most sought-after ordnance during the widening crisis in the Middle East, as Israel and other U.S. allies face an increasing threat from missiles and drones fired by Iran and the militias it supports.",negative,fact,neither,fact,neutral,neither
b265eb944cb1f66a84a3dd96f617a4cb,2643c0b928e81e54cc2a0bbb1bc88ac2,wsj,"The shortfall could become even more urgent after Israel’s Friday night strikes on Iran, which U.S. officials fear might spark another wave of attacks by Tehran.",negative,fact,neither,fact,neutral,neither
00e07ded3cfec735df1fb3820b1c8dd9,2643c0b928e81e54cc2a0bbb1bc88ac2,wsj,"Standard Missiles, which are usually ship-launched and come in various types, are among the most common interceptors the U.S. has used to defend Israeli territory from Iranian missile attacks, and are critical for stopping Houthi attacks on Western ships in the Red Sea.",neutral,fact,neither,fact,neutral,neither
6f9f90d271d00b10b2d116d50864838a,2643c0b928e81e54cc2a0bbb1bc88ac2,wsj,"The U.S. has launched more than 100 Standard Missiles since Hamas’s October 2023 attack on Israel, the U.S. officials said.",neutral,fact,neither,fact,neutral,neither
5dbf9cd24b52394a4bc1e42e69d4b207,2643c0b928e81e54cc2a0bbb1bc88ac2,wsj,The oil tanker Sounion in August after it was attacked in the Red Sea by Houthi rebels.,neutral,fact,neither,fact,neutral,neither
c6916943f09c25a14aaf3fa17471a43a,2643c0b928e81e54cc2a0bbb1bc88ac2,wsj,The Defense Department says it doesn’t publicly disclose its stockpiles because the information is classified and could be leveraged by Iran and its proxies.,neutral,fact,neither,fact,neutral,neither
28f0e846b191e12911eae119e5cdb825,2643c0b928e81e54cc2a0bbb1bc88ac2,wsj,"“Over the course of the last year, the Department of Defense has augmented our force posture in the region to protect U.S. forces and support the defense of Israel, while always taking into account U.S. readiness and stockpiles,” Pentagon spokeswoman Sabrina Singh said.",neutral,quote,neither,fact,neutral,neither
c2eeca281619091ef6b1beade714357d,2643c0b928e81e54cc2a0bbb1bc88ac2,wsj,"The heavy use of the Pentagon’s limited stockpile of missile interceptors is raising concerns about the ability of the U.S. and its allies to keep pace with unexpected, high demand created by the wars in the Middle East and Ukraine.",negative,fact,neither,fact,negative,neither
bb8d2753ad74bd5d7c0d6869739a16af,2643c0b928e81e54cc2a0bbb1bc88ac2,wsj,"The Pentagon worries it could run through its inventory faster than it can replace them, leaving the U.S. vulnerable in a potential conflict in the Pacific, analysts and officials said.",negative,fact,neither,fact,neutral,neither
1e87e4c22a9b3fa0508b86d88e8b7900,2643c0b928e81e54cc2a0bbb1bc88ac2,wsj,"“The U.S. has not developed a defense industrial base intended for a large-scale war of attrition in both Europe and the Middle East, while meeting its own readiness standards,” said Elias Yousif, a fellow and deputy director of the Conventional Defense Program at the Stimson Center in Washington.",neutral,quote,neither,quote,neutral,neither
24558468dbeb1e00fd568579ac1865e8,2643c0b928e81e54cc2a0bbb1bc88ac2,wsj,"“And both of those wars are extended conflicts, which was not part of the U.S. defense planning.",neutral,quote,neither,quote,neutral,neither
13c186dcb9e0319121f9e4bceb182b63,2643c0b928e81e54cc2a0bbb1bc88ac2,wsj,"”Increasing production of weons has proved difficult for the Pentagon, since it often requires that companies open new production lines, expand facilities and hire additional workers.",neutral,quote,neither,fact,neutral,neither
b6576cab405a9c58a314b5cd829b56b0,2643c0b928e81e54cc2a0bbb1bc88ac2,wsj,Companies are often reluctant to invest in that expansion without knowing that the Pentagon is committing to buying at increased levels over the long term.,neutral,fact,neither,fact,neutral,neither
d0cf468d8d91e27c5f1c6e81227d5d4b,2643c0b928e81e54cc2a0bbb1bc88ac2,wsj,Navy Secretary Carlos Del Toro.,neutral,other,neither,fact,neutral,neither
cfacee1ed52a93ce170378053830bf13,2643c0b928e81e54cc2a0bbb1bc88ac2,wsj,Navy Secretary Carlos Del Toro told lawmakers in May testimony that he was pressing industry to increase production of Standard Missiles because the U.S. had deployed so many interceptors in the Middle East.,neutral,fact,neither,fact,neutral,neither
6d003852a9f6676d05f1a257b188eec5,2643c0b928e81e54cc2a0bbb1bc88ac2,wsj,"There are “some increases” in two variants of Standard Missiles, he said, but acknowledged the difficulty of ramping up production.",neutral,fact,neither,fact,neutral,neither
d4c10547a8548fa43dcbc9eea807af75,2643c0b928e81e54cc2a0bbb1bc88ac2,wsj,"“The more sophisticated the missile, the harder it is to produce them,” he said.",neutral,quote,neither,quote,neutral,neither
6d02819dd21316eb4172527bda1c6254,2643c0b928e81e54cc2a0bbb1bc88ac2,wsj,"The concerns over a shortage of interceptors have prompted senior Pentagon officials, including Del Toro, and Air Force Gen. CQ Brown Jr., chairman of Joint Chiefs of Staff, to look at alternate technology, including drawing on newer companies to help increase production of new types of air-defense missiles.",neutral,fact,neither,fact,neutral,neither
c665a7a3a4e3c579590a50ac1a733378,2643c0b928e81e54cc2a0bbb1bc88ac2,wsj,"The U.S. had built up interceptor stocks over recent years, but the U.S. in any one month of the conflict in the Middle East has launched dozens of missiles, and production cacity can’t keep up, according to analysts and defense officials.",negative,fact,neither,fact,neutral,neither
460342f3714190e19886493dcc811865,2643c0b928e81e54cc2a0bbb1bc88ac2,wsj,"RTX, producer of the Standard Missiles, can make a maximum of a few hundred a year, a U.S. defense official said.",neutral,fact,neither,fact,neutral,neither
470b9035728cd5c5f323b571a191f304,2643c0b928e81e54cc2a0bbb1bc88ac2,wsj,"That production, however, isn’t all for the Pentagon, since at least 14 allies also buy Standard Missiles, according to RTX.",neutral,fact,neither,fact,neutral,neither
0c71495d872af424433cf74c45477bf2,2643c0b928e81e54cc2a0bbb1bc88ac2,wsj,"The company declined to comment on its production cacity, but RTX spokesman Chris Johnson said, “We work closely with the Department of Defense to meet their production needs for Standard Missiles.",neutral,quote,neither,fact,neutral,neither
60c1dd9ea3b6927fbf71843777203cb9,2643c0b928e81e54cc2a0bbb1bc88ac2,wsj,"”Since the war between Hamas and Israel began last year, U.S. ships have launched more than $1.8 billion worth of interceptors to stop Iran and its proxies from attacking Israel and ships traveling through the Red Sea, according to the Navy.",neutral,quote,neither,fact,neutral,neither
f9ac3667111aba3b411c8bd9a9a7aaae,2643c0b928e81e54cc2a0bbb1bc88ac2,wsj,"The Navy often launches two interceptors for every one missile when responding to attacks, essentially as an insurance policy to ensure the target is hit.",neutral,fact,neither,fact,neutral,neither
e3af6e6bb1290484e9f2db3d53ee3148,2643c0b928e81e54cc2a0bbb1bc88ac2,wsj,"A single Standard Missile can cost millions of dollars, making it an expensive way to defend against Iranian-made weons, which cost much less.",neutral,fact,neither,fact,neutral,neither
baa01eeeca4ce111822caf6b54b412c3,2643c0b928e81e54cc2a0bbb1bc88ac2,wsj,"“Those are really expensive munitions to shoot down crpy Houthi targets,” one congressional official said, “and every one they expend takes months to replace—and at high, high cost.",negative,quote,neither,quote,negative,neither
6b4a26d8275506d3909b6f359542eed4,2643c0b928e81e54cc2a0bbb1bc88ac2,wsj,"”The U.S. launched a dozen Standard Missiles during Iran’s Oct. 1 missile attack on Israel, in addition to employing other air-defense systems, but American and Israeli forces let through some of the 180 Iranian missiles that they knew wouldn’t strike valuable sites to preserve its stock of interceptors, U.S. officials said.",neutral,quote,neither,fact,neutral,neither
348e8444212c61ed58edfdd1ebb4f119,2643c0b928e81e54cc2a0bbb1bc88ac2,wsj,"A Terminal High Altitude Area Defense, or Thaad system, launching station in Israel in 2019.",neutral,fact,neither,fact,neutral,neither
e2409d80a8ab98c47ba67a579f68743a,2643c0b928e81e54cc2a0bbb1bc88ac2,wsj,"Earlier this month, in the run-up to Israel’s retaliatory strike on Iran, the Pentagon deployed the Terminal High Altitude Area Defense, or Thaad system, to Israel, a move that allows the U.S. to use interceptors other than Standard Missiles to bolster Israel’s defenses.",neutral,fact,neither,fact,neutral,neither
b4684677d806f58d8ba6c1cc5813da27,2643c0b928e81e54cc2a0bbb1bc88ac2,wsj,"The Pentagon has also moved additional Patriot missile-defense systems to the Middle East, which required shuffling around the limited number of batteries it has in inventory to also meet the demand in Ukraine.",neutral,fact,neither,fact,neutral,neither
23844aba2e612a03828869080f0200c2,2643c0b928e81e54cc2a0bbb1bc88ac2,wsj,"Pentagon officials said the plan is to maintain the current overall production levels of the Standard Missiles, though there will be cuts to some of the older variants to fund newer ones.",neutral,fact,neither,fact,neutral,neither
b3770906e1ef0feffd89a7ad7515e895,2643c0b928e81e54cc2a0bbb1bc88ac2,wsj,"The heavy use of weons such as interceptors in the Middle East is also putting at risk the Pentagon’s ability to fight in the Pacific, said Mark Montgomery, a retired rear admiral and now a senior director at the Foundation for Defense of Democracies, a conservative think tank in Washington.",negative,fact,neither,fact,negative,neither
95bdd03754dff69ecfd51c76ceb43694,2643c0b928e81e54cc2a0bbb1bc88ac2,wsj,"“We’re spending a year’s worth of Standard Missiles—those are standard missiles that are supposed to be part of rearming ourselves for China,” he said.",negative,quote,neither,quote,neutral,neither
8427b6f8a5c893fabd1ff33a3a01e3f1,2643c0b928e81e54cc2a0bbb1bc88ac2,wsj,"“So, 100%, we have, once again in the Middle East, set back Navy readiness to execute operations in the Pacific.",negative,quote,neither,quote,neutral,neither
225af1c35cc5dcf1bd838b6348e5cb02,2643c0b928e81e54cc2a0bbb1bc88ac2,wsj,”Israel’s military has some of the most advanced air defense systems in the world in its arsenal.,neutral,quote,neither,fact,neutral,neither
8e394338d3f20b3ab8e6d52ae51b02ff,2643c0b928e81e54cc2a0bbb1bc88ac2,wsj,Here’s how the U.S.-deployed Thaad will bolster it even further.,neutral,fact,neither,fact,neutral,neither
1c0390762274b00c72a19dddf6dfaf29,2643c0b928e81e54cc2a0bbb1bc88ac2,wsj,"U.S. Department of DefenseConflict in the Middle East Israeli Strikes on Iran Push Region Deeper Into a Dangerous Era Strikes Expose G in Prowess Between Two Arch Foes How Israel Pulled Off Its Largest-Ever Strike on Iran How Hezbollah Is Hitting Back After Being Pummeled Military Gains Strengthen Netanyahu’s Hand Fringe Israeli Idea to Reoccupy Gaza Gains Momentum Sinwar Changed the Middle East—but Not as He Imagined Inside Israel’s Ground Offensive in Lebanon ©2024 Dow Jones & Company, Inc. . 87990cbe856818d5eddac44c7b1cdeb8",neutral,other,neither,other,neutral,neither
36abb981fb1580f1d706c21bd7551b1a,2643c0b928e81e54cc2a0bbb1bc88ac2,wsj,"Appeared in the , print edition as 'Pentagon Runs Low On Air Defense Missiles'.",neutral,fact,neither,fact,neutral,neither
e5242160d84513d7fa7a86363b6e8eac,3448ead72555944564d5c998a0f5acdf,washingtonpost,"Welcome to The Campaign Moment, your guide to the biggest moments in the 2024 election — now with more Baba Booey.",neutral,other,neither,other,neutral,neither
1a4be76b3eab698c32edabacf7bd2b6f,3448ead72555944564d5c998a0f5acdf,washingtonpost,(Did a friend forward this to you?,neutral,other,neither,other,neutral,neither
54043cfaa83231b925cd1bfc28014ea8,3448ead72555944564d5c998a0f5acdf,washingtonpost,"If so, sign up here.",neutral,other,neither,other,neutral,neither
1bfbfa82d086a22e2b5048cc85540da3,3448ead72555944564d5c998a0f5acdf,washingtonpost,"And make sure you’re subscribing to the Campaign Moment podcast on Apple Podcasts, Spotify or wherever else.)",neutral,other,neither,other,neutral,neither
89ab00953908474c5002c613b03a4b02,3448ead72555944564d5c998a0f5acdf,washingtonpost,"The big momentAfter much hand-wringing about Vice President Kamala Harris’s lack of unscripted interviews since joining the 2024 race at the top of the ticket, Harris has in recent days undertaken a veritable media blitz.",neutral,fact,democrat,fact,neutral,democrat
88865ae0f50d934f011d837f2d8b3e71,3448ead72555944564d5c998a0f5acdf,washingtonpost,"She’s gone on CBS’s “60 Minutes,” on the “Call Her Daddy” podcast and on Howard Stern’s show, on “The View” and on Stephen Colbert’s late-night show.",neutral,fact,democrat,fact,neutral,democrat
2d272cfc6eef9042646dfc5d3dfdab3a,3448ead72555944564d5c998a0f5acdf,washingtonpost,"A few reflections on the key moments, what she said, and what we learned.",neutral,other,neither,fact,neutral,neither
a427c866ed27e21957039bdcb53a2f05,3448ead72555944564d5c998a0f5acdf,washingtonpost,"Vice President Kamala Harris embarked on a media blitz this week, pearing on a variety of national TV, radio and podcast shows.",neutral,fact,democrat,fact,neutral,democrat
cf40e32ff5d732b6f2e31374cf13304c,3448ead72555944564d5c998a0f5acdf,washingtonpost,Here are the key moments.,neutral,other,neither,fact,neutral,neither
7d4e786c20f248a8a3624918236947bf,3448ead72555944564d5c998a0f5acdf,washingtonpost,"(Video: Naomi Schanen/The Washington Post)Harris’s answer on Biden could be a problemEven while talking to generally sympathetic hosts in most of these interviews, Harris reinforced the idea that she can create problems for herself in these unscripted settings.",negative,opinion,democrat,opinion,negative,democrat
734ed0fefe2bc86499b719aad7524b6e,3448ead72555944564d5c998a0f5acdf,washingtonpost,The primary example may be her answer about President Joe Biden.,neutral,fact,democrat,opinion,neutral,democrat
a6cfb110358402d467ded46d4160e8d9,3448ead72555944564d5c998a0f5acdf,washingtonpost,"Asked on “The View” what she might have done differently from Biden, Harris responded: “There is not a thing that comes to mind in terms of — and I’ve been a part of most of the decisions that have had impact.",neutral,quote,democrat,fact,neutral,democrat
d3f7c4212fc6b8e6bb18ba6604d1b1eb,3448ead72555944564d5c998a0f5acdf,washingtonpost,”That’s undoubtedly not how her campaign drew it up.,negative,quote,democrat,opinion,neutral,neither
6baa7e6719a847a6a46f74216b798184,3448ead72555944564d5c998a0f5acdf,washingtonpost,"It’s not an easy question, given that Harris is still serving with Biden.",neutral,opinion,democrat,fact,neutral,democrat
7caa5c84bdb69ebc5a2994346ab43d9d,3448ead72555944564d5c998a0f5acdf,washingtonpost,"But it’s also clear she needs to carve out some distance between herself and Biden, given how unpopular he is.",negative,opinion,democrat,opinion,negative,democrat
8cf675d520dcefe0b8c56256d95cf518,3448ead72555944564d5c998a0f5acdf,washingtonpost,And there’s a way to massage it without giving Republicans such a potent video clip (a clip at least one House Republican is already using in an ad).,negative,opinion,democrat,fact,neutral,republican
7d71ed676151a2da6fb4c527615f00dc,3448ead72555944564d5c998a0f5acdf,washingtonpost,"For instance, at the debate last month, Harris said, “Clearly, I am not Joe Biden, and I am certainly not Donald Trump.",neutral,quote,democrat,quote,neutral,both
fd18016ff27de019261c1dc053492033,3448ead72555944564d5c998a0f5acdf,washingtonpost,And what I do offer is a new generation of leadership for our country.,positive,quote,democrat,quote,neutral,neither
c3deffe07125b59e3994461d752abf2a,3448ead72555944564d5c998a0f5acdf,washingtonpost,"”Harris seemed to recognize that stumble Tuesday, emphasizing later in the show that unlike Biden she would point a Republican to her Cabinet.",neutral,quote,democrat,fact,neutral,democrat
745b75a22e3e5ac7536fcb97006ed114,3448ead72555944564d5c998a0f5acdf,washingtonpost,Harris’s “60 Minutes” interview also featured plenty of pressing from host Bill Whitaker.,neutral,fact,democrat,fact,neutral,democrat
6d15286799d2582c7bf3caa8bf22fbde,3448ead72555944564d5c998a0f5acdf,washingtonpost,"Harris resisted and talked around his questions, or offered some of those wordy, convoluted answers Republicans have attacked her for — particularly on Israel.",negative,opinion,democrat,borderline,negative,democrat
0c5869467cd5ebf3769908c72e6cacd2,3448ead72555944564d5c998a0f5acdf,washingtonpost,"Her big pitch: StrengthThis was a theme running through her pearances, as Harris perhs sought to overcome questions about whether the country is prepared to elect a woman as president:On “Call Her Daddy,” Harris responded to a reminder that Arkansas Gov. Sarah Huckabee Sanders (R) questioned Harris’s humility by subtly pointing to Harris’s lack of biological children: “I don’t think she understands that, there are a whole lot of women out here who, one, are not aspiring to be humble,” Harris said.",neutral,fact,democrat,fact,negative,democrat
1ad0b8c38fccb8e32aefd3dbcf26763f,3448ead72555944564d5c998a0f5acdf,washingtonpost,"On Stern’s show, Harris asserted that she was proud of putting “a lot of people in jail” and said of threats she faced as a prosecutor, “I refuse to live in fear of the bad guys.",neutral,quote,democrat,fact,neutral,democrat
12ba7d8b326237499abe9842e5db92a3,3448ead72555944564d5c998a0f5acdf,washingtonpost,"”On “60 Minutes,” she disclosed that the gun she owns is a Glock — a stereotypically gritty firearm.",neutral,fact,democrat,fact,neutral,democrat
743ccd70f22f07a3a8711ef495c9fa6f,3448ead72555944564d5c998a0f5acdf,washingtonpost,"(Harris previously told Oprah Winfrey, “If somebody breaks into my house, they’re getting shot.”)",neutral,quote,democrat,fact,neutral,democrat
2cd509cbcc768b7cbabeeeac5c31df19,3448ead72555944564d5c998a0f5acdf,washingtonpost,Harris also made a direct play for the mantle of strength in the Stern interview.,neutral,fact,democrat,fact,neutral,democrat
a8c5b43d6c45d4143f0772cf1d803a89,3448ead72555944564d5c998a0f5acdf,washingtonpost,"“Ultimately, I do believe that this is an election that is about strength versus weakness, and weakness as projected by someone who puts himself in front of the American people and does not have the strength to stand in defense of their needs, their dreams, their desires …” Harris said, while also pitching herself as stronger on national security and foreign policy.",positive,quote,democrat,quote,positive,democrat
cc814e5f91e7a42f52ed3b0dcd10d7b6,3448ead72555944564d5c998a0f5acdf,washingtonpost,Her campaign soon promoted that segment of the interview.,neutral,fact,democrat,fact,neutral,democrat
e605a2c3f40a453990edcc0c4b5d05de,3448ead72555944564d5c998a0f5acdf,washingtonpost,"Her pearances reflected the changing media paradigmRarely have we seen a blitz that is so strategically and transparently geared toward specific constituencies and reaching large audiences, including by using nontraditional forums.",neutral,opinion,democrat,fact,neutral,democrat
300ef3d6b75f6f8262f79a472d8708c8,3448ead72555944564d5c998a0f5acdf,washingtonpost,"The “60 Minutes” and Colbert pearances are par-for-the-course for a presidential candidate, with the former being the long-running highest-ranked news show.",neutral,fact,democrat,fact,neutral,neither
6b1952783a1314e6fb8e3b879447af6c,3448ead72555944564d5c998a0f5acdf,washingtonpost,"But “Call Her Daddy” — an often raunchy, sex-themed show — is a massively popular and generally olitical show with a huge audience among young women (it’s Spotify’s most popular podcast among women).",neutral,fact,democrat,fact,neutral,neither
ec40708a9c8d088279a9ccb10119c9eb,3448ead72555944564d5c998a0f5acdf,washingtonpost,"“The View” was obviously about pealing to women, specifically.",neutral,quote,democrat,fact,neutral,neither
a1f1de5d1e0ca351fba86827cc32b462,3448ead72555944564d5c998a0f5acdf,washingtonpost,"And the Stern show, like “Call Her Daddy,” gave Harris an avenue to lots of less-engaged voters.",neutral,fact,democrat,fact,neutral,democrat
b325e6bf9c0ff4620dee78555e9365f8,3448ead72555944564d5c998a0f5acdf,washingtonpost,The potential downside of some of these shows is Harris associating herself with their often-vulgar content.,negative,opinion,democrat,borderline,negative,democrat
74a21b8880f4a5f01b447b3f68122739,3448ead72555944564d5c998a0f5acdf,washingtonpost,But that ship probably sailed in our politics a long time ago; Trump was a regular guest on Stern’s show for years.,neutral,opinion,neither,fact,neutral,republican
a8a88f0835a943d79f83ab88a49987f7,3448ead72555944564d5c998a0f5acdf,washingtonpost,Watch the funny moments from Vice President Kamala Harris and Governor Tim Walz's media pearances as they embarked on a media blitz this week.,neutral,other,neither,other,neutral,democrat
cdd560651da4ec4a0797423c0752c90e,3448ead72555944564d5c998a0f5acdf,washingtonpost,"(Video: Ross Godwin, Naomi Schanen/The Washington Post)This could put pressure on Trump to branch outWhile there’s been plenty of talk about Harris’s not doing interviews, her recent foray might cause Republicans and the Trump campaign to rethink their own media strategy.",neutral,opinion,both,fact,neutral,both
b97fc09844002b2e70b039bf52d84c78,3448ead72555944564d5c998a0f5acdf,washingtonpost,"Harris has given few interviews, but she is now speaking to shows that could reach lots of casual and undecided voters.",neutral,fact,democrat,fact,neutral,democrat
4851b6a67edf04e04ebd6626fc8170d0,3448ead72555944564d5c998a0f5acdf,washingtonpost,Trump … is not really doing that right now.,neutral,fact,republican,fact,neutral,republican
64722e3d0cfddd92d1ba25deaf2914e5,3448ead72555944564d5c998a0f5acdf,washingtonpost,"His media-interview diet is heavier, but it’s focused on preaching to the choir, going on Fox News and Newsmax and the like.",neutral,fact,republican,fact,neutral,republican
109d55d07d6577117ca583dbcc429bdd,3448ead72555944564d5c998a0f5acdf,washingtonpost,(He did go on young-male influencers Theo Von’s and Adin Ross’s popular shows in August.),neutral,fact,republican,fact,neutral,republican
343663b6106b43be4871bb146cc96d50,3448ead72555944564d5c998a0f5acdf,washingtonpost,Trump also turned down the forum “60 Minutes” offered because he didn’t want to be fact-checked.,neutral,fact,republican,fact,negative,republican
f09762ada63054e1f737c44274458093,3448ead72555944564d5c998a0f5acdf,washingtonpost,That decision broke a tradition for major-party presidential candidates dating back to 1968.,neutral,fact,republican,fact,neutral,neither
080678192ac0cea01ee55ff195936022,3448ead72555944564d5c998a0f5acdf,washingtonpost,It’s clear Trump is much more comfortable at rallies and with friendly interviewers; he makes so many false claims that branching out and actually being pressed is not a recipe for success.,negative,opinion,republican,borderline,negative,republican
391cfc526cf8b394c753581d2f764941,3448ead72555944564d5c998a0f5acdf,washingtonpost,But there would seem to be a premium on speaking to the broader electorate with undecided voters looming so large late in the campaign.,neutral,opinion,republican,fact,positive,neither
d88fffb103f310b7315ebcded2d03b53,3448ead72555944564d5c998a0f5acdf,washingtonpost,And Harris basically challenged him to do that.,neutral,fact,democrat,fact,neutral,democrat
705db0389ec0788134d900e7700ae746,3448ead72555944564d5c998a0f5acdf,washingtonpost,"Her answer on strength came on a show Trump used to frequent, and after Stern noted Trump had turned down “60 Minutes.",neutral,quote,both,fact,neutral,republican
e45800bc58bf13936cb0f382ade24d3c,3448ead72555944564d5c998a0f5acdf,washingtonpost,"”A brief moment on hurricane politicsThe big national story right now is, of course, Hurricane Milton.",neutral,quote,neither,fact,neutral,neither
39508a3559d7954a02c39f0ce5809522,3448ead72555944564d5c998a0f5acdf,washingtonpost,"Our thoughts go out to the Floridians who will soon be struck by this hurricane in Florida, as well as to those still recovering from Hurricane Helene in Georgia, North Carolina and other states.",neutral,fact,neither,fact,neutral,neither
1169a655dee34fa249ea330a9d425405,3448ead72555944564d5c998a0f5acdf,washingtonpost,It seems crass to talk about politics at a moment like this.,neutral,opinion,neither,opinion,neutral,neither
caaaa1f678149a424770fa2dafab8b80,3448ead72555944564d5c998a0f5acdf,washingtonpost,But the campaigns and government officials are already confronting what this means for the vote in 2024 to have a pair of hurricanes strike three key states so late in a presidential election — a situation with little if any precedent.,neutral,fact,neither,fact,neutral,both
c072e7aa64e93830aa72071add14ae24,3448ead72555944564d5c998a0f5acdf,washingtonpost,"North Carolina officials have quickly moved to ease voting changes, for example.",neutral,fact,neither,fact,neutral,neither
4a953bae278a0370c7001ca50c511a43,3448ead72555944564d5c998a0f5acdf,washingtonpost,"On Tuesday, I looked at the history of how hurricanes can affect voting.",neutral,fact,neither,fact,neutral,neither
25a76a65cbf91477403dbb5bc82c7c21,3448ead72555944564d5c998a0f5acdf,washingtonpost,"Here are a few key points:Hurricanes can lead to a drop in turnout: Hurricane Katrina in 2005 led to more than a 10 percent drop in turnout in New Orleans eight months later, as half the city was still displaced.",neutral,fact,neither,fact,neutral,neither
b0718eb16633d251fcc33a79a14b1aa7,3448ead72555944564d5c998a0f5acdf,washingtonpost,"Hurricane Michael late in the 2018 election led to a 7 percent drop in turnout in the affected areas of Florida’s panhandle, amid confusion about polling places.",neutral,fact,neither,fact,neutral,neither
64a0618503b5ad0f4ecf7ab39cd6e02c,3448ead72555944564d5c998a0f5acdf,washingtonpost,"That’s particularly problematic for Trump, given the areas hard-hit by Helene tend to be Republican-leaning.",negative,opinion,republican,fact,negative,republican
6042808097d66b7ef78759c22d2c9dfe,3448ead72555944564d5c998a0f5acdf,washingtonpost,"Trump addressed this Monday night, saying, “I believe they’re going to go out and vote if they have to crawl to a voting booth.",neutral,quote,republican,fact,neutral,republican
23d5fc7fadefc76da241c6200668e684,3448ead72555944564d5c998a0f5acdf,washingtonpost,"He added that “we’re trying to make it convenient for them to [vote], but they just lost their house.",neutral,quote,republican,quote,neutral,neither
ff1ca3c99b1e1fb0491a03a198ae5ef2,3448ead72555944564d5c998a0f5acdf,washingtonpost,”A hurricane response can also affect views of incumbents.,neutral,quote,neither,fact,neutral,neither
4e58f1c18866d0ff2ca91fd71f274ce0,3448ead72555944564d5c998a0f5acdf,washingtonpost,"That effect peared to help Barack Obama in 2012 after Superstorm Sandy and Florida Gov. Ron DeSantis (R) in 2022 after Hurricane Ian, while it hurt the Republican Party in 2006 (after Katrina) and George H.W. Bush in 1992 after Hurricane Andrew.",neutral,fact,neither,fact,neutral,both
e1fff75d0051f36e0773fadba99109e0,3448ead72555944564d5c998a0f5acdf,washingtonpost,Stay tuned.,neutral,other,neither,other,neutral,neither
847ff0aaf224f85d783acdca76ddaba1,3448ead72555944564d5c998a0f5acdf,washingtonpost,Politics are not the primary concern right now.,neutral,opinion,neither,opinion,neutral,neither
bb18cdaa086c422545432889ffeb8774,3448ead72555944564d5c998a0f5acdf,washingtonpost,"But these are crucial states — as The Post’s polling averages demonstrate — in a 2024 election which has major consequences for the country, and these hurricanes have thrown everyone a major late curveball.",neutral,fact,neither,fact,neutral,neither
d4faa6b37e209e41cb3f3010d20453e0,3448ead72555944564d5c998a0f5acdf,washingtonpost,"A pair of momentous poll numbers2 percent and 5 percentThose are Harris’s edges on Trump in a New York Times/Siena College poll when it comes to which of the two candidates was more likely to “help you personally” and “help people like you,” respectively.",neutral,fact,democrat,fact,neutral,both
0511235be3401fbe9e514b9bdc1d7f7c,3448ead72555944564d5c998a0f5acdf,washingtonpost,"While those aren’t big gs, this is the kind of question that has normally favored Trump.",neutral,opinion,democrat,fact,neutral,republican
593bce6396cf2fa3cc4aaf1afa9aa109,3448ead72555944564d5c998a0f5acdf,washingtonpost,"A Times/Siena poll just last month showed voters in Arizona, Georgia and North Carolina said by an 11-point margin that Trump’s policies would help them rather than hurt them, but by a five-point margin that Harris’s policies would hurt them.",neutral,fact,republican,fact,neutral,both
7e8d3ed1913041067dc1595e5a9af4d5,3448ead72555944564d5c998a0f5acdf,washingtonpost,"Even in the new national poll, voters said by 12 points that Trump’s policies as president had helped rather than hurt them, and by 20 points that President Joe Biden’s policies had done more to hurt them.",neutral,fact,republican,fact,neutral,both
c7e98a612692c60e1dc4260b7c1fcfb4,3448ead72555944564d5c998a0f5acdf,washingtonpost,Why this is significant:,neutral,other,neither,other,neutral,neither
3be219354c228cf34229c557fdc70f83,3448ead72555944564d5c998a0f5acdf,washingtonpost,There are few things that are as immediate a concern for voters as whether a candidate would help or hurt them.,neutral,fact,neither,fact,neutral,neither
6c587cb3812cd4bcf70357a8e9c93fea,3448ead72555944564d5c998a0f5acdf,washingtonpost,And Trump’s advantages on questions like this have helped him overcome concerns about his character.,neutral,fact,republican,fact,positive,republican
1340d4a09eea7f8c854385ea347e408c,3448ead72555944564d5c998a0f5acdf,washingtonpost,"If Harris can truly erase this deficit, that could be huge for her.",positive,opinion,democrat,fact,neutral,democrat
4e0676aa07ef43941bdb79eaf30b8e17,3448ead72555944564d5c998a0f5acdf,washingtonpost,Take a moment to read:,neutral,other,neither,other,neutral,neither
6939d46a88b4b67e05d0f88f39c46be9,36234774df06e7076409ec9b557f663e,theguardian,"If you didn’t know any better, you might think, from recent media coverage, that the problem with Donald Trump’s proposal to round up and expel as many as 20 million immigrants is that it’s not likely to work.",neutral,borderline,republican,opinion,negative,republican
1c2fb2af0704396fba5b98345c81cff0,36234774df06e7076409ec9b557f663e,theguardian,The Republican presidential nominee has made the mass deportation pledge central to his case for a second term.,neutral,fact,republican,fact,neutral,republican
03a7838ca8f29109d2a8def79b4ccfac,36234774df06e7076409ec9b557f663e,theguardian,"On the campaign trail, he diverts every question, no matter what the issue, back to the supposed danger and malignancy of immigrants and the urgency of getting rid of them.",neutral,fact,republican,fact,negative,republican
650f4ffb4e307d5c8a7795201e34704d,36234774df06e7076409ec9b557f663e,theguardian,The economy?,neutral,other,neither,other,neutral,neither
122fef586e3eeaddfc24ec432c1e5592,36234774df06e7076409ec9b557f663e,theguardian,"It will be better when there are fewer immigrants competing for jobs, he says.",neutral,borderline,republican,fact,neutral,republican
2cee022ef560b04252acf7653e0c7d6a,36234774df06e7076409ec9b557f663e,theguardian,Housing prices?,neutral,other,neither,other,neutral,neither
99a2947e02febec143a69888f3feb606,36234774df06e7076409ec9b557f663e,theguardian,"They’ll come down when millions of people are kicked out of the country, he claims.",neutral,borderline,republican,fact,neutral,republican
efdfdc3140adb32516a2eae380fce0fd,36234774df06e7076409ec9b557f663e,theguardian,"Crime will come down when the immigrants are gone, he says, because murder is “in their genes”.",negative,quote,republican,fact,negative,republican
1a4b9cf09e189b0efce20b9451d7a277,36234774df06e7076409ec9b557f663e,theguardian,"The vision he is offering is profoundly racist: Trump’s proposal, which is not limited to undocumented immigrants, is based on the assumption that nonwhite people are the cause of all of the US’s problems, and that everything that is wrong will be made right as soon as they’re gone.",negative,opinion,republican,fact,negative,republican
b9bdec0b44c2df87dff0043d9e30fa25,36234774df06e7076409ec9b557f663e,theguardian,"His proposed solution to everything – from crime to housing costs to inflation – is to deploy the armed forces to literally round up our friends, family members and neighbors by the millions, in a vast program of ethnic cleansing.",negative,opinion,republican,fact,negative,republican
ac41af9ee45ded8e84e618ddfd974176,36234774df06e7076409ec9b557f663e,theguardian,"It is a terrifying, horrifically immoral, and contemptibly bigoted proposal; racist, indifferent to humanity, and hostile to the principles of pluralism and equality.",negative,opinion,republican,opinion,negative,neither
e348c0dcdcdeb9a861194f9638735aea,36234774df06e7076409ec9b557f663e,theguardian,"If it was enacted, it would be among the worst human rights catastrophes of all time.",negative,opinion,republican,opinion,negative,neither
c75fd9e6f4a0a35221204bb7efbcf7ff,36234774df06e7076409ec9b557f663e,theguardian,"It would destroy families and lives, tear communities art, inculcate ethnic hatred and distrust.",negative,opinion,republican,opinion,negative,neither
64fc372b3034e4db7c8642a4ebcae4b7,36234774df06e7076409ec9b557f663e,theguardian,"To be accomplished, it would also practically require tremendous amounts of violence and force.",negative,opinion,republican,opinion,negative,neither
033ef9349a0a2a72fbe75a8b307c7123,36234774df06e7076409ec9b557f663e,theguardian,"Some of those marked for forced removal would hide, and some of their friends would turn them in.",negative,borderline,republican,opinion,neutral,neither
a0da8e52b9589553078e60bd8f8aad7b,36234774df06e7076409ec9b557f663e,theguardian,"Worksites and immigrant neighborhoods would be raided, as cops flooded in and innocent people scattered.",negative,borderline,republican,opinion,negative,neither
4f5df91664ec452b725c8f7581595452,36234774df06e7076409ec9b557f663e,theguardian,Mothers and fathers would be ripped from the arms of their screaming children.,negative,borderline,republican,opinion,negative,neither
f704797336041a1784acc0d34c69328f,36234774df06e7076409ec9b557f663e,theguardian,There is no other way to accomplish what Trump wants to accomplish: what he is proposing would require atrocity.,negative,opinion,republican,opinion,negative,republican
15800facb04d572234c7b24103729649,36234774df06e7076409ec9b557f663e,theguardian,"For him, this may in fact be the point.",negative,opinion,republican,fact,neutral,republican
96c738f0cd840ea5f0200b73acd0ac14,36234774df06e7076409ec9b557f663e,theguardian,"At the Republican national convention last summer, the crowd in Milwaukee smiled as they held signs aloft reading “MASS DEPORTATION NOW”.",neutral,fact,republican,fact,neutral,republican
51f68acc839d78bd12764097d48ac53c,36234774df06e7076409ec9b557f663e,theguardian,"Trump’s peal has always been this vision of a future that, through violence, can be made to look more like what these people imagine of the United States’ past – namely, one with many fewer people of color in it.",negative,opinion,republican,fact,negative,republican
00c27a551e982aed1371d2cec0a971b5,36234774df06e7076409ec9b557f663e,theguardian,"But what is strange about the coverage of Trump’s mass deportation plan is how little its moral perversity has factored into coverage, either by the media or in the attacks lobbed at it by Democrats.",negative,opinion,neither,opinion,negative,republican
b8ad43d84f8157e47ebe70de98f25aeb,36234774df06e7076409ec9b557f663e,theguardian,"CBS and NBC, for their part, seem to have determined that Trump’s pivot to calling for a gigantic scale ethnic cleansing operation is not in itself newsworthy.",neutral,fact,neither,fact,negative,republican
76f8228c09d7e3177fa6e4a78cace353,36234774df06e7076409ec9b557f663e,theguardian,"Instead, they have run stories pointing out that the plan would be expensive and logistically difficult, with the federal enforcement agencies requiring an estimated $216bn in funding to deport the US’s roughly 11 million undocumented people over the next four years.",neutral,fact,neither,fact,neutral,neither
5a335f725e2c87d7dda61cdd7bfb6f21,36234774df06e7076409ec9b557f663e,theguardian,"(Ice, they note, received a comparatively paltry $9bn last year.)",neutral,fact,neither,fact,neutral,neither
5618e67fc8fc385c3d177930dae0f073,36234774df06e7076409ec9b557f663e,theguardian,"Construction, agriculture, real estate development business leaders, they note, are skeptical at the idea, noting how much of their own labor force is composed of immigrants: they claim, probably correctly, that the move would lead to large increases in housing and food costs.",neutral,fact,neither,fact,neutral,neither
5d9648e53d13463b7e1d90b771a124c0,36234774df06e7076409ec9b557f663e,theguardian,"And economists worry that the broader impact on the economy could be devastating: one economic thinktank found that deporting 1.3 million immigrants would reduce jobs for native-born workers, increasing unemployment by 0.8%.",neutral,fact,neither,fact,neutral,neither
329f0947431aec00f82a197271944bf8,36234774df06e7076409ec9b557f663e,theguardian,"For their part, the Harris campaign has largely taken this line on the issue, preferring to focus on Trump’s mass deportation plan not as a moral horror but as an irresponsible economic move.",neutral,fact,democrat,fact,neutral,both
f0edb44454d392582524ab8c72f5ea7a,36234774df06e7076409ec9b557f663e,theguardian,"This is the line taken by Harris campaign surrogate and billionaire Mark Cuban, who has made the threats to the labor force posed by Trump’s plan a key part of his pitch to Harris-skeptical small business owners in swing states.",neutral,fact,democrat,fact,neutral,democrat
7c8a73b8836bded4fe9e14d6a087a3ac,36234774df06e7076409ec9b557f663e,theguardian,This all may be true enough.,neutral,opinion,neither,fact,neutral,neither
f38b16fb4dd4a13e0af5b07c11b65549,36234774df06e7076409ec9b557f663e,theguardian,"It is likely that a mass deportation effort would not only strain the resources of the federal government, but also gut the US private sector labor force, not to mention the disruptions it would cause to productivity when, say, an underslept mother is slow or weepy at her shift because the father of her children was taken from their home by goons.",negative,opinion,neither,fact,negative,neither
bb6972820373003f875917b0ee7491d0,36234774df06e7076409ec9b557f663e,theguardian,"It is likely, too, that the number of jobs created by the mass deportation scheme – the cops and thugs who will be needed to round up the immigrants, the lawyers and judges who will be needed to shove them through the court system, the chefs and guards and drivers who will be needed to feed and transport and monitor them inside the internment camps that such a project will inevitably require – will likely not provide enough jobs to offset the lost tax revenue.",negative,opinion,neither,fact,neutral,neither
f721271ddb11168132912b58a9f4e733,36234774df06e7076409ec9b557f663e,theguardian,But there is something morally depraved about talking about Trump’s plan in these terms.,negative,opinion,neither,opinion,negative,republican
36dddf168262aff71efd3d0bcfff1eb4,36234774df06e7076409ec9b557f663e,theguardian,"The cost of mass deportation cannot be measured only in whether it will be beneficial or detrimental to the pocketbooks of native-born Americans: doing so supposes both that only those born in the US are worthy of concern, and also that the only thing we have to lose is money.",negative,opinion,neither,fact,neutral,neither
7c64d723cced9224aa907cdc2835aeba,36234774df06e7076409ec9b557f663e,theguardian,"What is being proposed is a vast cruelty, a human tragedy, and a costly national investment in racism.",negative,opinion,neither,opinion,negative,neither
5be64f4c667743de60d5c3cbea86fbc0,36234774df06e7076409ec9b557f663e,theguardian,"That we are speaking of this proposal in primarily economic terms, rather than moral ones, suggests that the cost to the US has already been quite high.",negative,opinion,neither,opinion,neutral,neither
e7493d172cc38bca24270314d2d41197,36234774df06e7076409ec9b557f663e,theguardian,Moira Donegan is a Guardian US columnist,neutral,fact,neither,fact,neutral,neither
4a456d75a5c01ffc369db54557bd74a5,3a2830ab2b423cb781a36c5d651b1e86,usatoday,When women's basketball star Brittney Griner was released in December 2022 from the Russian prison system — traded for convicted Russian arms trafficker Viktor Bout — the nation's eyes turned to the man who was left behind: Michigan's Paul Whelan.,neutral,fact,neither,fact,neutral,neither
7670d879d798589262a3126e65ab7b27,3a2830ab2b423cb781a36c5d651b1e86,usatoday,"A year and a half later, Whelan was freed Thursday in a deal that included Wall Street Journal reporter Evan Gershkovich, who also was wrongfully detained on spying charges the U.S. government says he didn’t commit.",neutral,fact,neither,fact,neutral,neither
bf6e113ea0a27edcb2868285d7d72482,3a2830ab2b423cb781a36c5d651b1e86,usatoday,"More:Biggest prisoner sw since the Cold War could be underway, movements suggestWhelan, a former Marine who lived in Novi, was the head of global security for BorgWarner when he was arrested Dec. 28, 2018.",neutral,fact,neither,fact,neutral,neither
6427be311e2fde0d6b9f75e90d19ca98,3a2830ab2b423cb781a36c5d651b1e86,usatoday,"He has been imprisoned in Russia, accused of espionage.",neutral,fact,neither,fact,neutral,neither
30649b1643870e854a3bc997b55307f0,3a2830ab2b423cb781a36c5d651b1e86,usatoday,He was convicted in June 2020 during a closed-door trial and sentenced to 16 years of hard labor in a work camp.,neutral,fact,neither,fact,neutral,neither
a1d062fc62392475083eca57cc92f4a2,3a2830ab2b423cb781a36c5d651b1e86,usatoday,This is his story.,neutral,other,neither,fact,neutral,neither
5f826d98f24d75a49c713cdb60c40dc8,3a2830ab2b423cb781a36c5d651b1e86,usatoday,Who is Paul Whelan?,neutral,other,neither,other,neutral,neither
d6585ad93294b8474ea7bc946bbbc373,3a2830ab2b423cb781a36c5d651b1e86,usatoday,"Paul Nicholas Whelan was born in March 1970 in Ottawa, Ontario — Canada's national cital.",neutral,fact,neither,fact,neutral,neither
9b36f362abeb12b0d4ed47dbfe468911,3a2830ab2b423cb781a36c5d651b1e86,usatoday,"His parents, Edward and Rosemary Whelan, immigrated to Canada from Britain.",neutral,fact,neither,fact,neutral,neither
cf5ade41c11a02af95a8e6bc613e1dfa,3a2830ab2b423cb781a36c5d651b1e86,usatoday,"He has a twin brother, David; a sister, Elizabeth; and another brother, Andrew.",neutral,fact,neither,fact,neutral,neither
c1594426946de281b1f5b09ef0b6752e,3a2830ab2b423cb781a36c5d651b1e86,usatoday,The family moved to Ann Arbor when the twins were young; they went on to graduate in Huron High School's Class of 1988.,neutral,fact,neither,fact,neutral,neither
0e7fae1b6e6b0a36766d91b3bfdf8a73,3a2830ab2b423cb781a36c5d651b1e86,usatoday,"Whelan is now a U.S. citizen but holds passports in four countries — the U.S.; his native Canada; Britain, where his parents were born; and Ireland, where his grandparents were born.",neutral,fact,neither,fact,neutral,neither
835723428c45d63d89327ea93a36bbe4,3a2830ab2b423cb781a36c5d651b1e86,usatoday,He never married and has no children.,neutral,fact,neither,fact,neutral,neither
1f348b75c27f37f5d655db30079182da,3a2830ab2b423cb781a36c5d651b1e86,usatoday,"He testified in a 2013 court deposition that he worked as a Chelsea police officer in 1988-2000, and also worked for the Washtenaw County Sheriff's Office.",neutral,fact,neither,fact,neutral,neither
784b0440a7df48547992a6f1e698688d,3a2830ab2b423cb781a36c5d651b1e86,usatoday,"Whelan joined the U.S. Marine Corps Reserves on , according to his service record.",neutral,other,neither,fact,neutral,neither
29593e685cca559315d8957de3db1367,3a2830ab2b423cb781a36c5d651b1e86,usatoday,"Whelan was hired in 2001 by Kelly Services, a Troy-based company that offers consulting and temporary workers to businesses around the world.",neutral,fact,neither,fact,neutral,neither
335012ed4b7e1fd02642414086871503,3a2830ab2b423cb781a36c5d651b1e86,usatoday,"He took a military leave of absence from Kelly Services in 2003-08 to serve in Iraq, he testified.",neutral,fact,neither,fact,neutral,neither
42ec26264e88103502afeb9892746e71,3a2830ab2b423cb781a36c5d651b1e86,usatoday,"At Kelly Services,",neutral,other,neither,fact,neutral,neither
812c875a6bbbf25acbb5a728f1677136,3a2830ab2b423cb781a36c5d651b1e86,usatoday,Whelan's title was senior manager of global security and investigations.,neutral,fact,neither,fact,neutral,neither
9f795970418e8a9b297db442b7e19820,3a2830ab2b423cb781a36c5d651b1e86,usatoday,His job included campus security as well as electronic and IT-related security.,neutral,fact,neither,fact,neutral,neither
fe9d69f585341a27cd131b3be42d05e5,3a2830ab2b423cb781a36c5d651b1e86,usatoday,"He started working in early 2017 for BorgWarner, company spokeswoman Kathy Graham told the Free Press in a previous interview.",neutral,fact,neither,fact,neutral,neither
5a76615534dc33f6de8a144116c7c2f6,3a2830ab2b423cb781a36c5d651b1e86,usatoday,Whelan was global security chief when he was arrested and accused of spying.,neutral,fact,neither,fact,neutral,neither
82f82f352932a679ad42d88c88ddff68,3a2830ab2b423cb781a36c5d651b1e86,usatoday,"According to business licensing records, Whelan also ran an online firearms business known as Kingsmead Arsenal.",neutral,fact,neither,fact,neutral,neither
74ea5dd7a16f063ecc66f8dcc480b2a6,3a2830ab2b423cb781a36c5d651b1e86,usatoday,The business was started in 2012.,neutral,fact,neither,fact,neutral,neither
d48136ea430bb51b38929f84ff765c98,3a2830ab2b423cb781a36c5d651b1e86,usatoday,He also testified in the 2013 deposition that he has a federal firearms license.,neutral,fact,neither,fact,neutral,neither
2a70532c7e3882181583ef14d8350c70,3a2830ab2b423cb781a36c5d651b1e86,usatoday,Was Paul Whelan given a bad-conduct discharge from the Marines?,neutral,other,neither,other,neutral,neither
b3d9d72d2f2e5b6d05d6c7c3406c7914,3a2830ab2b423cb781a36c5d651b1e86,usatoday,Yes.,neutral,fact,neither,fact,neutral,neither
d907c0d0de6f03d0278ba0d2e04d150d,3a2830ab2b423cb781a36c5d651b1e86,usatoday,Whelan worked as an administrative clerk and administrative chief and was deployed in the war against Iraq in 2004 and 2006.,neutral,fact,neither,fact,neutral,neither
139197c351a915491992e3b983f0c062,3a2830ab2b423cb781a36c5d651b1e86,usatoday,"He rose to the rank of staff sergeant in December 2004, but a few years later was convicted in a special court-martial of attempting to steal more than $10,000 while at Al Asad Airbase in Iraq.",neutral,fact,neither,fact,negative,neither
7fdfda4eddff89c91850acf2554d4c9d,3a2830ab2b423cb781a36c5d651b1e86,usatoday,"Other related convictions included dereliction of duty, making a false official statement, wrongfully using other people's Social Security numbers and bouncing checks.",neutral,fact,neither,fact,negative,neither
013e4f3bcb3a837b1c9084f29937499d,3a2830ab2b423cb781a36c5d651b1e86,usatoday,He was given a bad-conduct discharge in December 2008 at the rank of private.,neutral,fact,neither,fact,negative,neither
6d4969641220233ef50f49a7e97d9cd9,3a2830ab2b423cb781a36c5d651b1e86,usatoday,Whelan's last place of duty was Marine Corps Air Station Miramar in California.,neutral,fact,neither,fact,neutral,neither
09fefda73665b4afdb7a0f8e8c35925f,3a2830ab2b423cb781a36c5d651b1e86,usatoday,"While stationed in Iraq, Whelan was part of “The Rest and Recuperation Leave Program,” which authorized 15 days of leave to service members on yearlong deployments to Iraq, according to a 2007 story posted on the 3rd Marine Aircraft Wing page of the Marine Corps website.",neutral,fact,neither,fact,neutral,neither
6a2c67ea49272fd142b6c30fd408de58,3a2830ab2b423cb781a36c5d651b1e86,usatoday,"The military paid for the travel and most service members chose to return home, but others could travel abroad.",neutral,fact,neither,fact,neutral,neither
6425131db5f68dff310f0ae6b50cf8c3,3a2830ab2b423cb781a36c5d651b1e86,usatoday,"Whelan spent his two weeks in Russia, saying in the interview that the leave program “gives those of us who are single an opportunity to travel throughout the world wherever we want to go and experience the diversity of culture.",neutral,quote,neither,fact,neutral,neither
4070459286c12398d767fc6ec7281ac9,3a2830ab2b423cb781a36c5d651b1e86,usatoday,"”During his military career, Whelan received awards that included the Navy Meritorious Unit Commendation and Global War on Terrorism Expeditionary Medal.",neutral,quote,neither,fact,neutral,neither
7aefe91aaf5eb8f0f7f20245dba377a4,3a2830ab2b423cb781a36c5d651b1e86,usatoday,Novi District Court records show that Whelan was also involved in landlord-tenant disputes in 2007 over nonpayment of rent while he was on active service in the military.,neutral,fact,neither,fact,neutral,neither
f9f764d29d0dfa836a7d0d8404f9865d,3a2830ab2b423cb781a36c5d651b1e86,usatoday,"Court records also show a case was filed against Whelan in 2011 by a Norfolk, Virginia-based debt collector for $1,210.35.",neutral,fact,neither,fact,neutral,neither
e5752cf11e18dd63a09985618c4d262a,3a2830ab2b423cb781a36c5d651b1e86,usatoday,Was Paul Whelan a spy?,neutral,other,neither,other,neutral,neither
8887c532c7b58ecfbaa61a7e64c41d7d,3a2830ab2b423cb781a36c5d651b1e86,usatoday,"The Russian Foreign Ministry alleges Whelan was caught ""red-handed"" in an act of espionage.",neutral,fact,neither,fact,neutral,neither
a1ae38a6de66eb8dca1a78a691e142c7,3a2830ab2b423cb781a36c5d651b1e86,usatoday,"Russia's Federal Security Service (FSB), a successor to the Soviet Union's KGB, says its agents found a USB drive containing classified information in Whelan's room at the swanky Metropol Hotel in Moscow.",neutral,fact,neither,fact,neutral,neither
41f9d82f34d3b2b5dcfb681ccec6e649,3a2830ab2b423cb781a36c5d651b1e86,usatoday,"Whelan insists that he was set up, and that he was simply a tourist.",neutral,fact,neither,fact,neutral,neither
aa7a91e6c949c15236ddcb3bd93b5703,3a2830ab2b423cb781a36c5d651b1e86,usatoday,"He was there, he said, to attend the wedding of a friend, a fellow former Marine.",neutral,fact,neither,fact,neutral,neither
dbf64b8c2084c2f84db49dddb5b1ee9a,3a2830ab2b423cb781a36c5d651b1e86,usatoday,"In the days leading up to his arrest, he led tours of Moscow historical sites for the wedding party, David Whelan told the Free Press in a previous interview.",neutral,fact,neither,fact,neutral,neither
16a2ae3a49b75986f7823a64f80660a1,3a2830ab2b423cb781a36c5d651b1e86,usatoday,"And he shared Christmas dinner at a steakhouse in Moscow with a Russian man named Ilya Yatsenko, whom he'd met a decade earlier during one of his trips to the country.",neutral,fact,neither,fact,neutral,neither
35fdb7c44e647a774154e9cfffe41abd,3a2830ab2b423cb781a36c5d651b1e86,usatoday,"Over about a half-dozen visits to Russia since 2006, Whelan got to know Yatsenko — or so he thought — even visiting Yatsenko's parents and siblings in the town of Sergiev Posad, about 50 miles northeast of Moscow, David Whelan said.",neutral,fact,neither,fact,neutral,neither
1bac158446654f582d1327a09d2f98e8,3a2830ab2b423cb781a36c5d651b1e86,usatoday,"It was Yatsenko who gave Whelan key evidence in Russia's case against him: a USB drive containing government secrets, David Whelan alleges.",neutral,fact,neither,fact,neutral,neither
c2cecdd4b382b05856a47b8a8c3ca06d,3a2830ab2b423cb781a36c5d651b1e86,usatoday,,neutral,quote,neither,other,neutral,neither
a911279dd90b841fccd9d1c8c08d204a,3a2830ab2b423cb781a36c5d651b1e86,usatoday,"Paul expected there to be photogrhs on it and something else was put on that drive in order to entr him,"" he said.",neutral,quote,neither,fact,neutral,neither
55dba1125da53ffa33c83380b7fac214,3a2830ab2b423cb781a36c5d651b1e86,usatoday,"At the time, then-President Donald Trump made no public statements about Whelan's arrest.",neutral,fact,neither,fact,neutral,republican
76db84df09ed50ba3501af1ba9230d9b,3a2830ab2b423cb781a36c5d651b1e86,usatoday,Trump administration officials made careful and measured statements about him.,neutral,fact,neither,fact,neutral,republican
bb9ad35792a799d4f3fcaa08a7371876,3a2830ab2b423cb781a36c5d651b1e86,usatoday,"More than a year after her brother's arrest, Elizabeth Whelan said: ""This is ridiculous.",negative,quote,neither,fact,neutral,neither
27c4b3d2dc4f40201c93778022444a35,3a2830ab2b423cb781a36c5d651b1e86,usatoday,Russia has a legal system but not a judicial system.,negative,quote,neither,fact,neutral,neither
7ac28fd7abdb33709d51cacdba2db1c5,3a2830ab2b423cb781a36c5d651b1e86,usatoday,"Everybody knows that once you get on this conveyor belt, that the end result before you're popped off at the other end is 100% chance of conviction and sentencing.",negative,quote,neither,fact,neutral,neither
c2cecdd4b382b05856a47b8a8c3ca06d,3a2830ab2b423cb781a36c5d651b1e86,usatoday,,neutral,quote,neither,other,neutral,neither
4b687cc469835e0a7d3aaa57659d1a44,3a2830ab2b423cb781a36c5d651b1e86,usatoday,She was right.,neutral,opinion,neither,fact,neutral,neither
1ef83391e622ca176d7a6b208355933d,3a2830ab2b423cb781a36c5d651b1e86,usatoday,Whelan was convicted of espionage in a Moscow courtroom in June 2020.,neutral,fact,neither,fact,neutral,neither
45e58e7d41471d6fa90385e109c10d91,3a2830ab2b423cb781a36c5d651b1e86,usatoday,"John Sullivan, then-U.S. ambassador to Moscow, described the conviction as a ""mockery of justice.""",negative,quote,neither,fact,negative,neither
ed7458ec2bb6dc63a749d6bb02ce582f,3a2830ab2b423cb781a36c5d651b1e86,usatoday,"Whelan was taken to IK-17, a gulag in the Republic of Mordovia, about an eight-hour drive southeast of Moscow.",neutral,fact,neither,fact,neutral,neither
bd34c63a369cf2f7248e7795a36323ca,3a2830ab2b423cb781a36c5d651b1e86,usatoday,"There, he spent hours each day cutting threads from newly made prison uniforms.",neutral,fact,neither,fact,neutral,neither
414697a1cfa34258eded5af4dad51352,3a2830ab2b423cb781a36c5d651b1e86,usatoday,He later was promoted to sewing buttonholes.,neutral,fact,neither,fact,neutral,neither
64ee952cfbadae71c0e8edf96cf8e8bc,3a2830ab2b423cb781a36c5d651b1e86,usatoday,The U.S. House and U.S. Senate both have passed resolutions demanding Whelan's release.,neutral,fact,neither,fact,neutral,neither
291965a5a535c6bfb3dc1ae60aecf8d6,3a2830ab2b423cb781a36c5d651b1e86,usatoday,The U.S. State Department now considers him wrongfully detained and has been insistent that his conviction was a sham.,neutral,fact,neither,fact,neutral,neither
5b0ad0c3ece59211b3a9ed2e0f7c1e26,3a2830ab2b423cb781a36c5d651b1e86,usatoday,Does Paul Whelan's work history have ties to Russia?,neutral,other,neither,other,neutral,neither
f5e83c746e379192b0b5d5baa04ee1e5,3a2830ab2b423cb781a36c5d651b1e86,usatoday,"Though Whelan said he traveled to Russia as a tourist, he entered the country on a business travel visa supported by BorgWarner Inc., he told his lawyers in Moscow.",neutral,fact,neither,fact,neutral,neither
964562e279b5a5ca43de05c417eebb09,3a2830ab2b423cb781a36c5d651b1e86,usatoday,"The Auburn Hills-based auto supplier BorgWarner has 49,000 employees working among its 93 sites around the world, but spokeswoman Graham told the Free Press in 2019 that it didn't have any locations in Russia.",neutral,fact,neither,fact,neutral,neither
80f950c4a4ca4f06bd469665cf6a8611,3a2830ab2b423cb781a36c5d651b1e86,usatoday,"The company would not confirm that it sponsored Whelan's Russian business visa.""",neutral,quote,neither,fact,neutral,neither
366f400750f5894f5de3fd961ff40b82,3a2830ab2b423cb781a36c5d651b1e86,usatoday,"As a general policy BorgWarner does not comment on travel of any of its employees, nor does the company discuss information about individual customers,"" said Graham in an email to the Free Press at the time.",neutral,quote,neither,quote,neutral,neither
5ec974cd1c58ab67196118a518c2db68,3a2830ab2b423cb781a36c5d651b1e86,usatoday,"""Paul was not in Russia on company business.",neutral,quote,neither,quote,neutral,neither
9652ffd1d7d71b5d93e7bae254a3dce6,3a2830ab2b423cb781a36c5d651b1e86,usatoday,We are deferring to the State Department regarding updates to his situation.,neutral,quote,neither,quote,neutral,neither
846e5d46cebc149ba0fd85ccb24ce2e6,3a2830ab2b423cb781a36c5d651b1e86,usatoday,"Although BorgWarner operates no facilities in Russia, the company does have a history of doing business there.",neutral,fact,neither,fact,neutral,neither
646750f680e68884368b27e406bc611e,3a2830ab2b423cb781a36c5d651b1e86,usatoday,"BorgWarner supplied Kamaz Inc., Russia's largest truck-maker, with turbochargers, fan drives and high-performance fans, according to U.S. Securities and Exchange Commission documents.",neutral,fact,neither,fact,neutral,neither
6994ff46e10263891b9523dee34d1627,3a2830ab2b423cb781a36c5d651b1e86,usatoday,"BorgWarner parts are used in nonmilitary Kamaz trucks and Nefaz buses, and its total sales to Kamaz in 2013-15 through non-U.S. subsidiaries was $12.1 million.",neutral,fact,neither,fact,neutral,neither
c2e50a4f9e9225436ea74b624cadb550,3a2830ab2b423cb781a36c5d651b1e86,usatoday,"For over 15 years, BorgWarner has supported (Kamaz) with advanced air-flow technologies, and we are looking forward to continuing the successful collaboration,"" Daniel Paterra, who was then BorgWarner's president and general manager of thermal systems, said in a 2015 news release about the Dakar Rally, an off-road rally in South America in which Kamaz trucks are used.",neutral,quote,neither,fact,neutral,neither
ed6588250ed30f920b1e1b0a2c54e6bd,3a2830ab2b423cb781a36c5d651b1e86,usatoday,What did Trump say about Whelan's case?,neutral,other,neither,other,neutral,republican
81c8a77e599a56c4a14eed14bcfc2e2e,3a2830ab2b423cb781a36c5d651b1e86,usatoday,Trump didn't speak publicly about Whelan's arrest during his time in office.,neutral,fact,neither,fact,neutral,republican
22938684d5b99557dc6dc2c9de31a0b0,3a2830ab2b423cb781a36c5d651b1e86,usatoday,"But the former president took to his social media platform, Truth Social, in December 2022 to criticize the deal that President Joe Biden's administration made to sw Griner for Bout.",negative,fact,republican,fact,neutral,both
b4a6b934dbb96db3160ee5b42af9d845,3a2830ab2b423cb781a36c5d651b1e86,usatoday,"""I turned down a deal with Russia for a one on one sw of the so-called Merchant of Death for Paul Whelan,"" Trump wrote.",negative,quote,republican,quote,neutral,republican
a37985719ab313f8256efcbf5383a473,3a2830ab2b423cb781a36c5d651b1e86,usatoday,"""I wouldn’t have made the deal for a hundred people in exchange for someone that has killed untold numbers of people with his arms deals.",negative,quote,republican,quote,negative,neither
8f9a6a7fb58074d1cfa957e6649ff789,3a2830ab2b423cb781a36c5d651b1e86,usatoday,"I would have gotten Paul out, however, just as I did with a record number of other hostages.",neutral,quote,republican,quote,neutral,neither
5ba8382482428e414de609c56395fa5e,3a2830ab2b423cb781a36c5d651b1e86,usatoday,The deal for Griner is crazy and bad.,negative,quote,republican,quote,negative,neither
002203b6eb4361f83ce2585920d6c28a,3a2830ab2b423cb781a36c5d651b1e86,usatoday,"The taking wouldn’t have even hpened during my Administration, but if it did, I would have gotten her out, fast!",negative,quote,republican,quote,neutral,neither
4b0ba06f04bb2c1a6180f95db9b349e0,3a2830ab2b423cb781a36c5d651b1e86,usatoday,"""David Whelan took to Twitter, saying: ""Former President Trump pears to have mentioned my brother #PaulWhelan's wrongful detention more in the last 24 hours than he did in the 2 years of his presidency in which Paul was held hostage by #Russia (zero).",negative,quote,neither,fact,negative,republican
19191938845f9850a84b7ff923c3a764,3a2830ab2b423cb781a36c5d651b1e86,usatoday,"I don't suggest he cares now any more than he did then (zero)"".",negative,quote,neither,quote,negative,republican
2ab11038abe1237e2dafccca51f0d67d,3a2830ab2b423cb781a36c5d651b1e86,usatoday,What did President Joe Biden do?,neutral,other,neither,other,neutral,democrat
33a253f8b4b8f7a7bb4a2b4791fc8d58,3a2830ab2b423cb781a36c5d651b1e86,usatoday,Biden met with Elizabeth Whelan during the summer of 2022 to assure her of his commitment to freeing her brother.,neutral,fact,democrat,fact,neutral,democrat
bac2907b2bd744fd491efd817322cf91,3a2830ab2b423cb781a36c5d651b1e86,usatoday,"In the Dec. 8, 2022, announcement that Griner was coming home, Biden said: ""We’ve not forgotten about Paul Whelan.",neutral,quote,democrat,fact,positive,democrat
22ea110f19d185c433ca2725f7ad1837,3a2830ab2b423cb781a36c5d651b1e86,usatoday,This was not a choice about which American to bring home.,neutral,quote,democrat,fact,neutral,neither
781f234ae23197cb0957e86ddfb640d9,3a2830ab2b423cb781a36c5d651b1e86,usatoday,…,neutral,quote,democrat,other,neutral,neither
0796cb5ea9f56c2a47e01a01705c782f,3a2830ab2b423cb781a36c5d651b1e86,usatoday,"Sadly, for totally illegitimate reasons, Russia is treating Paul's case differently than Brittney's.",neutral,quote,democrat,quote,negative,neither
a93f972d4bc977ee6a5aef07d7ccbeea,3a2830ab2b423cb781a36c5d651b1e86,usatoday,...,neutral,quote,democrat,other,neutral,neither
006edf65aa894bc66b07599bc795a281,3a2830ab2b423cb781a36c5d651b1e86,usatoday,We will never give up.,positive,quote,democrat,quote,neutral,neither
37f2624713b42c0cbec5a02ee78a1f93,3a2830ab2b423cb781a36c5d651b1e86,usatoday,"""How did Paul Whelan's family respond when Griner was freed but he was not?",neutral,quote,neither,other,neutral,neither
d550254bcef2d5aea8ad9d3b10c3fe90,3a2830ab2b423cb781a36c5d651b1e86,usatoday,"Though they were dispointed that Whelan wasn't freed along with Griner, the family supported Biden's decision to make the one-on-one trade, David Whelan said.",neutral,fact,neither,fact,neutral,democrat
c2cecdd4b382b05856a47b8a8c3ca06d,3a2830ab2b423cb781a36c5d651b1e86,usatoday,,neutral,quote,neither,other,neutral,neither
d6832460b0dee49e316f0a7b6eb9a5af,3a2830ab2b423cb781a36c5d651b1e86,usatoday,"There is no greater success than for a wrongful detainee to be freed and for them to go home,"" he said.",positive,quote,neither,quote,positive,neither
fcf0a8ef0c54726e3db65942b5828a77,3a2830ab2b423cb781a36c5d651b1e86,usatoday,"""The Biden administration made the right decision to bring Ms. Griner home, and to make the deal that was possible, rather than waiting for one that wasn't going to hpen.",positive,quote,neither,opinion,neutral,neither
51dedb1506903806f614f1e15a205652,3a2830ab2b423cb781a36c5d651b1e86,usatoday,"Since then, he said the family has been overwhelmed by the swell of support for his brother.",neutral,fact,neither,fact,neutral,neither
d704aed1b4a75442f19f1903124aaa0e,3a2830ab2b423cb781a36c5d651b1e86,usatoday,"Even in these hyper-partisan days, we have received emails and donations from people of what seems to be all political perspectives sending Paul their best wishes and hope for a speedy return home.",positive,quote,neither,fact,positive,neither
be92c03bca3e2b17beba18bf4452ffe2,3a2830ab2b423cb781a36c5d651b1e86,usatoday,"Americans pulling together for an American,"" David Whelan said.",positive,quote,neither,quote,positive,neither
bbc8264917be7ec1b38c676bedf9e1d6,3a2830ab2b423cb781a36c5d651b1e86,usatoday,Paul has continued to call home on a daily basis and speak to our parents.,positive,quote,neither,fact,positive,neither
7d822fed2cc54699462296ab638e6822,3a2830ab2b423cb781a36c5d651b1e86,usatoday,We have been sending him updates about the support shown through GoFundMe donations as well as the many people indicating they're writing him letters and cards.,positive,quote,neither,fact,positive,neither
a93f972d4bc977ee6a5aef07d7ccbeea,3a2830ab2b423cb781a36c5d651b1e86,usatoday,...,neutral,quote,democrat,other,neutral,neither
d381dc759a81f70e6935db8170adbdcc,3a2830ab2b423cb781a36c5d651b1e86,usatoday,"In the months ahead, those will bring Paul great comfort.",positive,quote,neither,fact,positive,neither
f323eff978c8883792ccc9b699365092,3a2830ab2b423cb781a36c5d651b1e86,usatoday,"If he ever worried that he'd been forgotten, I think this will provide Paul reassurance that he remains in people's prayers.",positive,quote,neither,fact,positive,neither
ac2a0893f5562e1aef7ce5dcbe3561ff,3a2830ab2b423cb781a36c5d651b1e86,usatoday,"White House staff met virtually with Elizabeth Whelan in December 2022, who was told her brother's freedom remains ""as high a priority as the President has,"" David Whelan said.",neutral,fact,neither,fact,neutral,democrat
8dc444c59a46c48c9261ae81930978cb,3a2830ab2b423cb781a36c5d651b1e86,usatoday,Contact Kristen Shamus: kshamus@freepress.com.,neutral,other,neither,other,neutral,neither
1040ee13501839acdc50f148267b29f2,3a2830ab2b423cb781a36c5d651b1e86,usatoday,Follow her on Twitter @kristenshamus.,neutral,other,neither,other,neutral,neither
54068c8896017e5dda2f633281b6d800,3b97f4847a2883a57032efc57b4bd16d,nytimes,"SKIP ADVERTISEMENTIsraeli Raids Paralyze Daily Life for Many in the West BankAs an Israeli offensive against Palestinian militant groups stretched to a 10th day, residents said many people were trped in their homes out of fear.",negative,fact,neither,fact,negative,neither
06a62584f497a151c99eb5fc11faa86f,3b97f4847a2883a57032efc57b4bd16d,nytimes,"Palestinians inspect a damaged car after an Israeli airstrike in the West Bank city of Tubas on Thursday....Alaa Badarneh/EPA, via ShutterstockSept. 5, 2024Five Palestinians were killed by an Israeli airstrike on their vehicles early Thursday, Palestinian news media said, as one of the longest and most destructive recent Israeli military raids in the occupied West Bank stretched into a ninth day across several cities.",negative,fact,neither,fact,negative,neither
db2eaa8c6b01b23787bdf8b457648b8d,3b97f4847a2883a57032efc57b4bd16d,nytimes,"Wafa, the Palestinian Authority’s official news agency, reported the deaths, in the town of Far’a.",neutral,fact,neither,fact,neutral,neither
1830dae78ff09d3c17b6b84963937930,3b97f4847a2883a57032efc57b4bd16d,nytimes,"They added to the toll of an already devastating military offensive, with at least 39 people killed in the raids and 145 others injured, according to the Palestinian Health Ministry.",negative,fact,neither,fact,negative,neither
14a406221f344b0aa426fddab885bd0c,3b97f4847a2883a57032efc57b4bd16d,nytimes,The Israeli military said the strike in Far’a targeted armed fighters who hurled explosives and shot at security forces.,neutral,fact,neither,fact,neutral,neither
cb65907e04ce780ce308ad33188e893e,3b97f4847a2883a57032efc57b4bd16d,nytimes,It has described the raids as an effort to crack down on Palestinian armed groups and combat rising attacks against Israelis.,neutral,fact,neither,fact,neutral,neither
f088c1d847ac062e76eed2bd5d2a5834,3b97f4847a2883a57032efc57b4bd16d,nytimes,Such raids have become a near-daily reality for the nearly three million Palestinians who live under Israeli occupation in the West Bank.,negative,fact,neither,fact,negative,neither
9c4a7f2580557698d9f57bf46dd4c173,3b97f4847a2883a57032efc57b4bd16d,nytimes,"More than 600 Palestinians have been killed there since the Hamas-led attack on Israel last October, both in military strikes and at the hands of extremist Jewish settlers, according to the United Nations.",negative,fact,neither,fact,negative,neither
aed730d48cd5953cd378209f4e50af92,3b97f4847a2883a57032efc57b4bd16d,nytimes,Palestinian armed groups have claimed some of those killed in the ongoing Israeli raids as members.,neutral,fact,neither,fact,neutral,neither
79415f65ac6f87c359be8059ff17e0ca,3b97f4847a2883a57032efc57b4bd16d,nytimes,"None claimed those killed in Far’a as members, and in a statement Hamas referred to them as “residents.",neutral,quote,neither,fact,neutral,neither
153c1ea65353377a80bc13a66293cd7e,3b97f4847a2883a57032efc57b4bd16d,nytimes,”,neutral,quote,neither,other,neutral,neither
a95903d5ec3d5f53478366218fdc12d4,3b97f4847a2883a57032efc57b4bd16d,nytimes,"The nine days of military raids have taken an exceptional toll on Palestinians in several towns and cities, especially Jenin and Tulkarm, where many residents have trped in their homes for days, saying that Israeli forces are operating outside their doors with armored vehicles.",negative,fact,neither,fact,negative,neither
722856f3aa94b492f7bf49993e5002fd,3b97f4847a2883a57032efc57b4bd16d,nytimes,"Bulldozers have ripped up entire streets — in what the Israeli military calls an effort to unearth improvised explosives planted by armed groups — and snipers have taken up positions on rooftops and inside homes, residents have said.",negative,fact,neither,fact,negative,neither
08230e92c6252a428cd636b22adbcdfd,3b97f4847a2883a57032efc57b4bd16d,nytimes,"For five days, Kafah Abu Sarur, 49, and his family could not leave their home in the eastern part of Jenin as Israeli forces were spread through the streets.",negative,fact,neither,fact,neutral,neither
6b3fd4e5d1e2760fe6c83dbc0005c689,3b97f4847a2883a57032efc57b4bd16d,nytimes,"Their neighborhood has been raided before, including six months ago when Israeli soldiers stormed into their home and ransacked it, he said.",negative,fact,neither,fact,negative,neither
02d9a6f98b0eab7abf0c98ffcd2a56b2,3b97f4847a2883a57032efc57b4bd16d,nytimes,"“But this is the first time we see this kind of brutality,” said Mr. Abu Sarur, a father of seven, in an interview Thursday.",negative,quote,neither,quote,negative,neither
5bf2ba61b32c9aee5f6c029ea5574b39,3b97f4847a2883a57032efc57b4bd16d,nytimes,“There is no humanity.,negative,quote,neither,quote,negative,neither
f7f13a5645bfe7b339fe349b508a9d75,3b97f4847a2883a57032efc57b4bd16d,nytimes,"They uprooted the trees, broke the buildings.",negative,quote,neither,quote,negative,neither
646f30e1b08e7d11f7e26ee820c706ea,3b97f4847a2883a57032efc57b4bd16d,nytimes,"The sewer mains meters under the ground, they ripped them up.",negative,quote,neither,quote,negative,neither
c4339ed078f641470c03660b4881ad59,3b97f4847a2883a57032efc57b4bd16d,nytimes,"The electricity, the water — they didn’t leave anything untouched.",negative,quote,neither,quote,negative,neither
1e25c025293e839cbe8ce4dd992da1fc,3b97f4847a2883a57032efc57b4bd16d,nytimes,"”A few days ago, he said, Israeli forces withdrew to the outskirts of their neighborhood.",neutral,quote,neither,fact,neutral,neither
7178599bd9bf868ea109f51fd78ab85b,3b97f4847a2883a57032efc57b4bd16d,nytimes,"Mr. Abu Sarur ventured outside to get food and water for his family, his brother’s family and his parents, all of whom live in the same building.",negative,fact,neither,fact,neutral,neither
f03c59a45650c8d8354d77ae528d5324,3b97f4847a2883a57032efc57b4bd16d,nytimes,He found that the shops had been destroyed.,negative,fact,neither,fact,negative,neither
fbfc394598477be3a1fed53b90a03d93,3b97f4847a2883a57032efc57b4bd16d,nytimes,"With the roads impassable for vehicles, he saw volunteers bringing bread and other food into the neighborhood on foot.",negative,fact,neither,fact,neutral,neither
7f4c9a8d5a10b57f7fd73f0e75946a37,3b97f4847a2883a57032efc57b4bd16d,nytimes,"The Israeli military remains in other parts of the city, he said, including the neighborhood known as Jenin camp, which originated as a refugee camp for Palestinians who fled there after the creation of Israel in 1948 and is now a regular target of Israel’s military raids.",negative,fact,neither,fact,neutral,neither
b54d271087e2a845d2dcd52619abe10b,3b97f4847a2883a57032efc57b4bd16d,nytimes,"Mr. Abu Sarur said his family was terrified that Israeli soldiers would return, and they all stay fully dressed at night in case troops storm in.",negative,fact,neither,fact,neutral,neither
a0febcdc9b25c8c5aee747d97c849695,3b97f4847a2883a57032efc57b4bd16d,nytimes,"Israeli soldiers entered Tulkarm again Thursday after briefly withdrawing from it hours earlier, said Faisal Salameh, head of the services committee in Tulkarm camp, a neighborhood of the city.",neutral,fact,neither,fact,neutral,neither
330e448fb949cf020de1e58484c3aa01,3b97f4847a2883a57032efc57b4bd16d,nytimes,"For residents who had been trped in their homes for days, it was not enough time for them to step out to get provisions or check on loved ones.",negative,fact,neither,fact,negative,neither
a017db914fbd614490f8d2b769329e09,3b97f4847a2883a57032efc57b4bd16d,nytimes,"“No one had a chance to get anything done,” Mr. Salameh said.",negative,quote,neither,quote,neutral,neither
a79842c5182b8d6997a4e077518c0851,3b97f4847a2883a57032efc57b4bd16d,nytimes,“The occupation left but returned quickly.,negative,quote,neither,quote,neutral,neither
14b1cbc3dda8c9d1c9587f6d26f593f8,3b97f4847a2883a57032efc57b4bd16d,nytimes,”Rawan Sheikh Ahmad contributed reporting.SKIP ADVERTISEMENT,neutral,quote,neither,fact,neutral,neither
02fcc9f4926d53c672944b93565b6379,407fb1a06116bb8a8fdf5c70c1b5466e,breitbart,"Sen. JD Vance (R-OH) sat down with Turning Point Action for a Gen-Z town hall in High Point, North Carolina, on Thursday, where he warned students that they “have more to lose than anybody” if Vice President Kamala Harris wins the 2024 election, because “the consequences are going to fall hardest on the people in this room.”",neutral,quote,republican,fact,neutral,republican
08a31a3be2317726b8c577f53f08c0ad,407fb1a06116bb8a8fdf5c70c1b5466e,breitbart,"Vance, former President Donald Trump’s running mate, touched upon the issues of foreign policy, illegal immigration, and unaffordable housing, and explained the ways in which they affect young people.",neutral,fact,republican,fact,neutral,republican
6b69ae345f1721ea2d909c727fc75ba2,407fb1a06116bb8a8fdf5c70c1b5466e,breitbart,"“Younger voters have the most to lose or the most to gain from getting this election either right or wrong,” Vance told students, adding that Harris “doesn’t have strong or sincere views about what she actually wants to do.”",neutral,quote,republican,quote,neutral,democrat
3bb9d30b11dc2766ca1e9f6ffc7d3eca,407fb1a06116bb8a8fdf5c70c1b5466e,breitbart,"Watch Below: Vance went on to explain that while he has “a lot” of policy disagreements with “a person like Barack Obama,” the one thing former Obama had that Harris doesn’t is “he actually has beliefs and thoughts in his head for how he wants to govern the United States of America.”",neutral,quote,republican,fact,negative,democrat
4f7cdaf24119e78c718aee7fa0325ace,407fb1a06116bb8a8fdf5c70c1b5466e,breitbart,"“I don’t think you can say this about Kamala Harris,” Vance said, adding that when someone doesn’t have clear beliefs or thoughts about how they want to govern, they become “an empty vessel for whatever the prevailing ideas that are governing in Washington, DC, are.",negative,quote,democrat,quote,negative,democrat
969f5df319d7b4fa71ae986864f909ec,407fb1a06116bb8a8fdf5c70c1b5466e,breitbart,”,neutral,quote,neither,other,neutral,neither
ff63a947e72f77acd87864ecb8e644a6,407fb1a06116bb8a8fdf5c70c1b5466e,breitbart,"By subscribing, you agree to our terms of use & privacy policy.",neutral,other,neither,other,neutral,neither
556c5251340f11ab05e257469046805f,407fb1a06116bb8a8fdf5c70c1b5466e,breitbart,You will receive email marketing messages from Breitbart News Network to the email you provide.,neutral,other,neither,other,neutral,neither
17047da860a546136c3d79a7cdea8a6c,407fb1a06116bb8a8fdf5c70c1b5466e,breitbart,You may unsubscribe at any time.,neutral,other,neither,other,neutral,neither
e30aee808c19f4586f60954437655845,407fb1a06116bb8a8fdf5c70c1b5466e,breitbart,"And those prevailing ideas running through Washington, DC, include the notion “that we should use our young people as cannon fodder for foreign military misadventures,” he said.",negative,quote,democrat,quote,negative,neither
244069e579626e09820d1eabd86cc9bd,407fb1a06116bb8a8fdf5c70c1b5466e,breitbart,"“I think you guys have a lot to lose, because we are on the precipice of many broad regional wars, potentially even a world war,” Vance continued.",negative,quote,neither,quote,negative,neither
39dfb5c62ce13d6f6077651421b1ac5d,407fb1a06116bb8a8fdf5c70c1b5466e,breitbart,“Do you want a person like Kamala Harris negotiating in private rooms with people like Vladimir Putin and Xi Jinping?,neutral,quote,both,quote,neutral,democrat
24c9ca7d0ba5e7a11f8416204bcf03ab,407fb1a06116bb8a8fdf5c70c1b5466e,breitbart,Or do you want a guy like Donald Trump actually sticking up for the United States of America?”,neutral,quote,republican,quote,neutral,republican
33b4711cfab3ed2f20b5d58b59d40b9a,407fb1a06116bb8a8fdf5c70c1b5466e,breitbart,"“I think the answer to that question is obvious,” Vance asserted.",neutral,quote,republican,quote,neutral,republican
6782842f72b5f3328ccf8566ca254092,407fb1a06116bb8a8fdf5c70c1b5466e,breitbart,"Trump’s running mate added that another “prevailing idea in Washington, DC, is that we should let in millions upon millions of illegal immigrants, who compete against young Americans for important jobs, who undercut the wages of American workers.”",negative,quote,democrat,fact,neutral,republican
1f1cd71cf81fc5f18c9d1e5b604c89ae,407fb1a06116bb8a8fdf5c70c1b5466e,breitbart,“Why are homes unaffordable in the United States of America right now?,neutral,quote,neither,quote,neutral,neither
4f2acd5b2337eb758234d43f8aea50c6,407fb1a06116bb8a8fdf5c70c1b5466e,breitbart,Why have housing prices gone up by 45 percent in the state of North Carolina?”,neutral,quote,neither,quote,neutral,neither
f899bdacb2c090c304c4dd2c819acb4d,407fb1a06116bb8a8fdf5c70c1b5466e,breitbart,Vance asked.,neutral,quote,neither,fact,neutral,republican
4216e1dede318dc95fee627cf6d72597,407fb1a06116bb8a8fdf5c70c1b5466e,breitbart,"“The answer is that — one, we’re not building enough homes.”",neutral,quote,neither,quote,neutral,neither
85ae610aa7a99e222f4ad8b07cd2f7cf,407fb1a06116bb8a8fdf5c70c1b5466e,breitbart,“If you look at Donald Trump’s regulatory policies vs.,neutral,quote,both,quote,neutral,republican
52466405c6c7b07b0583c3695ff3b43a,407fb1a06116bb8a8fdf5c70c1b5466e,breitbart,"Kamala Harris’s regulatory policies — yes, if Donald Trump is president, we will build far more homes than we would if Kamala Harris is the president,” Vance elaborated.",neutral,quote,republican,quote,neutral,both
ccaf8e1986e7df9f679a05a52d1c37dd,407fb1a06116bb8a8fdf5c70c1b5466e,breitbart,"Moreover, the illegal immigration issue and housing issue are connected, the senator explained.",neutral,fact,neither,fact,neutral,republican
8fb710e85df005a20e223ef54bf46ecb,407fb1a06116bb8a8fdf5c70c1b5466e,breitbart,"“It’s important to recognize that no matter how many homes you build, if you allow an unlimited wave of illegal immigrants to come into the United States of America, those people are going to end up owning the houses or living in the houses that ought by right go to American citizens,” Vance said.",neutral,quote,republican,quote,negative,republican
bc08cd0561702c3c85f45eb6b674b210,407fb1a06116bb8a8fdf5c70c1b5466e,breitbart,"“When you let in way too many illegal immigrants, the price of housing shoots through the roof,” he added.",negative,quote,republican,quote,negative,republican
a7ada50c4c040241323c4c099006d561,407fb1a06116bb8a8fdf5c70c1b5466e,breitbart,Vance then implored students to consider the following questions: “Do I want to have a job where I earn a good day’s wage for a good day’s work?” and “Do I want to raise a family in an environment — or just build a life in an environment — where I can afford to buy a home?”,neutral,quote,neither,quote,positive,republican
2bb679f3219f37c86afc63a0ee89aa89,407fb1a06116bb8a8fdf5c70c1b5466e,breitbart,"“Because if so, you’ve got to vote for Donald Trump,” Vance declared.",positive,quote,republican,quote,neutral,republican
08f38c4f6c3e23e15761dd1bd06069c0,407fb1a06116bb8a8fdf5c70c1b5466e,breitbart,"“Kamala Harris’s policies are going to produce more war, more poverty, higher housing prices, and lower wages for American workers,” Vance warned.",negative,quote,democrat,quote,negative,both
463933b4e07670f39a083aa72df5d5b8,407fb1a06116bb8a8fdf5c70c1b5466e,breitbart,"“You guys have more to lose than anybody,” Trump’s running mate said.",negative,quote,republican,quote,neutral,republican
f24bcae19b1e30c6d87126c6d0ad364d,407fb1a06116bb8a8fdf5c70c1b5466e,breitbart,"“If we let the American Dream dispear in the United States of America, the consequences are going to fall hardest on the people in this room.”",negative,quote,republican,quote,negative,neither
5060b2a125ca302167499d6e184d75f1,407fb1a06116bb8a8fdf5c70c1b5466e,breitbart,Alana Mastrangelo is a reporter for Breitbart News.,neutral,fact,neither,fact,neutral,neither
139657696471739365d7b036ab3d9976,407fb1a06116bb8a8fdf5c70c1b5466e,breitbart,"You can follow her on Facebook and X at @ARmastrangelo, and on Instagram.",neutral,fact,neither,fact,neutral,neither
4e610db570bd9d4e83119b9581d26270,4342d1a27ac318aadda2e196703a1708,washingtonpost,"With less than three hours left in his presidency, Richard M. Nixon took the stage of the White House East Room to deliver his farewell speech 50 years ago Friday and tearfully showed a vulnerable side that few had seen him show in public before.",neutral,fact,republican,fact,neutral,republican
6d0ab4403be86775b4cb9bae45d4171f,4342d1a27ac318aadda2e196703a1708,washingtonpost,"“I think it was the first time that people really saw Richard Nixon, the man,” said Stephen Bull, who served as Nixon’s staff assistant at the time.",neutral,quote,republican,quote,neutral,republican
0b64ff23fff2221cb6bfdefd3f74b717,4342d1a27ac318aadda2e196703a1708,washingtonpost,"The night before, on Aug. 8, 1974, Nixon had gone on TV and announced to the nation that he would be resigning as president in the wake of the Watergate scandal, effective noon the next day.",neutral,fact,republican,fact,neutral,republican
bcbddbc692d1d1f7312cd085e0a1be22,4342d1a27ac318aadda2e196703a1708,washingtonpost,"He couldn’t sleep, and when he looked at his watch, it said 4 a.m.",neutral,fact,republican,fact,neutral,neither
1bb72a1caa5f4286cf5d2141891d7e91,4342d1a27ac318aadda2e196703a1708,washingtonpost,"So he walked into the kitchen to get a glass of milk and was startled to see a White House steward making coffee, Nixon recalled in his book, “In the Arena: A Memoir of Victory, Defeat and Renewal.",neutral,quote,republican,fact,neutral,republican
0c4644ecc4a5996c38fe8843ff0208eb,4342d1a27ac318aadda2e196703a1708,washingtonpost,”,neutral,quote,neither,other,neutral,neither
19a388fa6619c0da00bb9ba3afef1e74,4342d1a27ac318aadda2e196703a1708,washingtonpost,The president asked him what he was doing there so early.,neutral,fact,republican,fact,neutral,neither
f7fd118e65fa31e7658f39566377b0d3,4342d1a27ac318aadda2e196703a1708,washingtonpost,"“It isn’t early, Mr. President.",neutral,quote,republican,quote,neutral,neither
141fb428b8476cba88da65086317f6e6,4342d1a27ac318aadda2e196703a1708,washingtonpost,"It’s almost six o’clock,” the steward replied.",neutral,quote,republican,quote,neutral,neither
e6608d5705a81a80af3a898a38b73425,4342d1a27ac318aadda2e196703a1708,washingtonpost,“,neutral,quote,neither,other,neutral,neither
89bf2509e8e9e700417910409c36e50a,4342d1a27ac318aadda2e196703a1708,washingtonpost,My watch had stopped.,neutral,fact,republican,quote,neutral,neither
e11143cb774e44f981850506f562299b,4342d1a27ac318aadda2e196703a1708,washingtonpost,"After three years the battery had run down,” Nixon wrote — an t methor for his presidency.",neutral,quote,republican,fact,neutral,republican
a6c4e9e5d96cdd965cd140e0f3c68499,4342d1a27ac318aadda2e196703a1708,washingtonpost,"As he worked on the farewell address he would deliver to his Cabinet and staff that Friday morning, there was a knock on the door.",neutral,fact,republican,fact,neutral,neither
ba85d1fd4756818848941e106bc5426d,4342d1a27ac318aadda2e196703a1708,washingtonpost,"It was his chief of staff, Alexander Haig, presenting him with a one-sentence letter, addressed to Secretary of State Henry Kissinger.",neutral,fact,republican,fact,neutral,republican
f5df501a16a6cc6d0a45cd2ee231b505,4342d1a27ac318aadda2e196703a1708,washingtonpost,The letter read: “I hereby resign the Office of President of the United States.,neutral,quote,republican,fact,neutral,neither
3a80994ac7dd32e90f139837034856a9,4342d1a27ac318aadda2e196703a1708,washingtonpost,"”Nixon’s mind flashed back to one of his first days in the Oval Office in 1953, as vice president to Dwight D. Eisenhower, who was about to sign some letters and documents.",neutral,quote,republican,fact,neutral,republican
6c67208cb040be6b0631a29370c1e452,4342d1a27ac318aadda2e196703a1708,washingtonpost,"“He looked up at me with a twinkle in his eye and said, ‘Dammit, Dick, I wish my name weren’t so long!’”",neutral,quote,republican,quote,neutral,neither
aa7bd8570d37f0b424f675a12253343e,4342d1a27ac318aadda2e196703a1708,washingtonpost,Nixon recalled in his memoir.,neutral,quote,republican,fact,neutral,republican
302ac8af54624c0dc910e94d121f337c,4342d1a27ac318aadda2e196703a1708,washingtonpost,"“Mercifully, my name is short.",neutral,quote,republican,quote,neutral,neither
1a398a3c59b201784f9539f426708e32,4342d1a27ac318aadda2e196703a1708,washingtonpost,I signed the letter.,neutral,fact,republican,quote,neutral,neither
21e7eb5daa28a016424c182bc229eec8,4342d1a27ac318aadda2e196703a1708,washingtonpost,"”Shortly after , Nixon, 61, walked into the East Room for his farewell address, accompanied by wife Pat Nixon; older daughter Tricia Nixon Cox and her husband, Edward Cox; and younger daughter Julie Eisenhower and her husband, David Eisenhower (the grandson of President Eisenhower).",neutral,quote,republican,fact,neutral,republican
cf6030eb547519b38cd09521d582f7b5,4342d1a27ac318aadda2e196703a1708,washingtonpost,"A band played “Hail to the Chief,” and hundreds of White House staffers and Cabinet members greeted Nixon with a three-minute standing ovation.",neutral,fact,republican,fact,neutral,republican
64eae11ad33cfdc01f975d8302cc353b,4342d1a27ac318aadda2e196703a1708,washingtonpost,"The smiling president clasped his wife’s hand, pointed to someone in the crowd, clenched his fists a couple of times, and held two thumbs up before beginning his remarks.",neutral,fact,republican,fact,positive,neither
4fbf6e865ecabe39246413b8b15ea08e,4342d1a27ac318aadda2e196703a1708,washingtonpost,"Nixon was a famously reserved leader, “an introvert in the extroverted calling of the politician,” as New York Times columnist Tom Wicker once observed.",neutral,fact,republican,fact,neutral,republican
ed8010e7765392a95cc17f37251a36bb,4342d1a27ac318aadda2e196703a1708,washingtonpost,"But in his farewell speech, he let his emotions out.",neutral,fact,republican,fact,neutral,neither
0cc7ab1a27cb98241109ff3e3f8f00e1,4342d1a27ac318aadda2e196703a1708,washingtonpost,"“I recall speaking from the heart,” Nixon said in a 1983 interview with former White House aide Frank Gannon.",neutral,quote,republican,quote,neutral,republican
be0b17abd8243b92041ed8a45d500c79,4342d1a27ac318aadda2e196703a1708,washingtonpost,"“Tricia later, in her diary, which she let me see, wrote that for the first time she was glad people were able to see Daddy as he really was.",neutral,quote,republican,quote,neutral,neither
977d88257b5f8d25d589f97289fe1e19,4342d1a27ac318aadda2e196703a1708,washingtonpost,"”Shoulders hunched and eyes moist with tears, Nixon leavened his sad remarks with gallows humor.",neutral,quote,republican,fact,neutral,republican
fb0989a9e9afb2758b1748df96ea1905,4342d1a27ac318aadda2e196703a1708,washingtonpost,"He made light of his debt to the Internal Revenue Service after it disallowed a $576,000 deduction for donating his vice-presidential pers to the National Archives.",neutral,fact,republican,fact,neutral,neither
8263564a4fb695b821ec0f2e368afac5,4342d1a27ac318aadda2e196703a1708,washingtonpost,"“I only wish that I were a wealthy man,” he said.",neutral,quote,republican,quote,neutral,neither
5f3fdc65f0b2204e8117737bc8ab1d4b,4342d1a27ac318aadda2e196703a1708,washingtonpost,“At the present time I've got to find a way to pay my taxes.”,neutral,quote,republican,quote,neutral,neither
0f91a6cc72b64f426599e2456332320d,4342d1a27ac318aadda2e196703a1708,washingtonpost,He chuckled as the audience laughed along with him.,neutral,fact,republican,fact,positive,neither
626cba4df0ba1351c27319b5b803fa54,4342d1a27ac318aadda2e196703a1708,washingtonpost,"He recalled that his father was what people would call a “a little man, common man.",neutral,quote,republican,fact,neutral,neither
2d792ea6992f7f9ce08b70991e76ac42,4342d1a27ac318aadda2e196703a1708,washingtonpost,…,neutral,other,neither,other,neutral,neither
b15b372fd48206f9ece7f41c7bf86d76,4342d1a27ac318aadda2e196703a1708,washingtonpost,"He was a streetcar motorman first and then he was a farmer and then he had a lemon ranch — it was the poorest lemon ranch in California, I can assure you.",neutral,quote,republican,quote,neutral,neither
6d8d04896f287b0deb67d9b650957a67,4342d1a27ac318aadda2e196703a1708,washingtonpost,He sold it before they found oil on it.”,neutral,quote,republican,quote,neutral,neither
fd9dd73b44a04aefe73f0e00c4ed8a45,4342d1a27ac318aadda2e196703a1708,washingtonpost,The crowd laughed again.,neutral,fact,republican,fact,positive,neither
a2aacb351d4f6d55464f187045202412,4342d1a27ac318aadda2e196703a1708,washingtonpost,"“And then he was a grocer,” Nixon continued.",neutral,quote,republican,quote,neutral,neither
b50abfa4d6f60f0fd6ada03af99dad94,4342d1a27ac318aadda2e196703a1708,washingtonpost,"“But he was a great man, because he did his job, and every job counts up to the hilt regardless of what hpens.",neutral,quote,republican,quote,neutral,neither
27ddf4d43969b1075455f6f669ab7b3b,4342d1a27ac318aadda2e196703a1708,washingtonpost,"”His mother, Nixon said, “was a saint.",neutral,quote,republican,quote,positive,republican
af7a85fab0663fbc140ab31564e919d0,4342d1a27ac318aadda2e196703a1708,washingtonpost,"”At one point in the speech, Nixon put on a pair of glasses to read a Theodore Roosevelt quote he said he had found “as I was reading my last night in the White House.”",neutral,quote,republican,fact,neutral,republican
b110e20b1cada0b28692275b4b59083e,4342d1a27ac318aadda2e196703a1708,washingtonpost,It was a diary passage about losing his young wife and mother on the same day.,neutral,fact,republican,fact,negative,neither
452a9aa9235096741ba9faa0b36b9cdb,4342d1a27ac318aadda2e196703a1708,washingtonpost,Nixon fought back tears after reading it.,neutral,fact,republican,fact,neutral,republican
786753c630f3520ab53aa6a635644dc7,4342d1a27ac318aadda2e196703a1708,washingtonpost,"“That was T.R. in his 20s,” he said.",neutral,quote,republican,quote,neutral,republican
34e2e547c86fa4f13751eebf00205464,4342d1a27ac318aadda2e196703a1708,washingtonpost,"“He thought the light had gone from his life forever, but he went on.",neutral,quote,republican,quote,negative,neither
025fed473e71e9a3d52c73d0e366a734,4342d1a27ac318aadda2e196703a1708,washingtonpost,"And he not only became president, but as an ex‐president, he served his country always in the arena, tempestuous, strong, sometimes wrong, sometimes right.",neutral,quote,republican,quote,positive,neither
9266a9b0090edb5546c7a426dc9778f3,4342d1a27ac318aadda2e196703a1708,washingtonpost,But he was a man.,neutral,quote,republican,quote,neutral,neither
286cbc82aceaf31c1f40bb0be645c2d8,4342d1a27ac318aadda2e196703a1708,washingtonpost,"And as I leave, let me say, that's an example I think all of us should remember.",neutral,quote,republican,quote,neutral,neither
3f8e2da1d9ea94bbc2f901e11d1bd276,4342d1a27ac318aadda2e196703a1708,washingtonpost,"”A couple of minutes later, he delivered perhs the most famous line of his speech, a recognition that his obsession with vanquishing his perceived enemies had brought him to this nadir:“Always remember, others may hate you, but those who hate you don’t win unless you hate them.",neutral,quote,republican,fact,positive,neither
c4e35fbb3eeeb14d6ee986cce06618d6,4342d1a27ac318aadda2e196703a1708,washingtonpost,And then you destroy yourself.,neutral,quote,republican,quote,neutral,neither
489595d58bc182747ee4b64b19e86205,4342d1a27ac318aadda2e196703a1708,washingtonpost,"”In The Washington Post the next day, Sally Quinn wrote that hardened reporters in the press room found themselves with mixed emotions.",neutral,quote,republican,fact,neutral,neither
9808df4d720b0c2c9a314577810ddc39,4342d1a27ac318aadda2e196703a1708,washingtonpost,"“I felt so angry at him for making me cry,” one unnamed reporter said.",neutral,quote,republican,quote,negative,neither
dc21e427006d5bbb0ce79350f5590ae1,4342d1a27ac318aadda2e196703a1708,washingtonpost,“He did it to himself.,neutral,quote,republican,quote,neutral,neither
05647424336d2bb8a39de0ba8fad16b7,4342d1a27ac318aadda2e196703a1708,washingtonpost,We didn’t do it.,neutral,quote,republican,quote,neutral,neither
6142741ef8729fccb334fb5634144f1d,4342d1a27ac318aadda2e196703a1708,washingtonpost,"”Years later, daughter Julie Eisenhower told Barbara Walters of ABC News that her father’s speech “was very difficult because he was really letting down his guard for one of the few times in public — his voice cracking with emotion as he spoke about his parents and speaking about [how] a man is not defeated until he gives up.”“The critics panned my remarks, not surprisingly, as being too emotional,” Nixon recalled in his memoir.",neutral,quote,republican,fact,neutral,republican
7920e480f58483e66db59e39b2710a4c,4342d1a27ac318aadda2e196703a1708,washingtonpost,“They overlooked the fact that it was an emotional moment.,neutral,quote,republican,quote,neutral,neither
70d4cb3e43c833eb44ecd3a03acf9efc,4342d1a27ac318aadda2e196703a1708,washingtonpost,"”After the speech, Nixon and his wife walked to the White House lawn with Vice President Gerald Ford and his wife, Betty Ford.",neutral,quote,republican,fact,neutral,neither
4c0bd68351ff554ebf1fafbfa78f8c86,4342d1a27ac318aadda2e196703a1708,washingtonpost,"Just before Nixon boarded the waiting helicopter, he waved and flashed his “V” gesture, for victory.",neutral,fact,republican,fact,positive,republican
d30b63fa7f11580ce7fa220131167887,4342d1a27ac318aadda2e196703a1708,washingtonpost,"The helicopter took him to Andrews Air Force Base for the ride home on Air Force One, which lost that designation at noon near Jefferson City, Mo., when Ford was sworn in as the new president.",neutral,fact,republican,fact,neutral,neither
342f1f649ed4d7b5c8387ab3ff497830,4342d1a27ac318aadda2e196703a1708,washingtonpost,"Bull, the staff assistant, said Nixon’s aides should have made more of an effort to help Nixon show his human side during his presidency.",neutral,fact,republican,fact,neutral,republican
57a9f243712c3546b355f1dd98f668f4,4342d1a27ac318aadda2e196703a1708,washingtonpost,He flew back to California with Nixon and shared that feedback with the now ex-president.,neutral,fact,republican,fact,neutral,republican
6bad6ba847665111feac668affa732e1,4342d1a27ac318aadda2e196703a1708,washingtonpost,"“I said to him, ‘I think the staff did you a great disservice,’” recounted Bull, now 82.",neutral,quote,republican,quote,neutral,neither
8d58c8a2e74906c70e082c338b731b82,4342d1a27ac318aadda2e196703a1708,washingtonpost,"“‘We always presented you as being one-dimensional, almost an automaton who is concerned only with the business at hand.",neutral,quote,republican,quote,negative,neither
1aa9439c5336966d9fc81a5be36fff5d,4342d1a27ac318aadda2e196703a1708,washingtonpost,"And we never showed that you had emotions — humor, hpiness, depression, anger — all of the human emotions.",neutral,quote,republican,quote,positive,neither
298ef4bf72e1df8cdf80e24c7c01aeab,4342d1a27ac318aadda2e196703a1708,washingtonpost,"’”Bull added, “The American people didn’t see that side of him, which I think ultimately worked against him in the public perception.",neutral,quote,republican,quote,neutral,neither
6906c8d69d6183c29e25c6118567535d,4342d1a27ac318aadda2e196703a1708,washingtonpost,”correctionAn earlier version of this article incorrectly said that Theodore Roosevelt lost his wife and baby on the same day.,neutral,quote,republican,fact,neutral,neither
64b1db0f582ccd1ea0c9e358b7ed4f88,4342d1a27ac318aadda2e196703a1708,washingtonpost,"In fact, it was his wife and mother.",neutral,fact,republican,fact,neutral,neither
89f4b36e7b9497559f51cf9ea90e8272,4342d1a27ac318aadda2e196703a1708,washingtonpost,The article has been corrected.,neutral,fact,republican,fact,neutral,neither
783196a59b974ae5ae72633474aa6ff8,52a4cb0839dd9180d2f6507d3b19394d,huffpost,Basketball superstar LeBron James endorsed Vice President Kamala Harris for president on Thursday.,neutral,fact,democrat,fact,neutral,democrat
7c4046ad44efe10a45d88289a3041b30,52a4cb0839dd9180d2f6507d3b19394d,huffpost,"In a social media post, the Los Angeles Lakers forward said “the choice is clear.”“What are we even talking about here??”",neutral,quote,neither,fact,neutral,neither
97566fd599dec3172975232ca5b61b58,52a4cb0839dd9180d2f6507d3b19394d,huffpost,James tweeted on X.,neutral,fact,neither,fact,neutral,neither
cc85a6db14c190cde6eac67d945ce5b5,52a4cb0839dd9180d2f6507d3b19394d,huffpost,"“When I think about my kids and my family and how they will grow up, the choice is clear to me.",neutral,quote,neither,quote,neutral,neither
1b093843731a8363f7e0aec149bfc8b6,52a4cb0839dd9180d2f6507d3b19394d,huffpost,VOTE KAMALA HARRIS!!!,positive,quote,democrat,fact,neutral,neither
2582a82aa68bc27ed73e429be45bf464,52a4cb0839dd9180d2f6507d3b19394d,huffpost,"”Along with his endorsement, James posted a video highlighting racist and divisive rhetoric of her rival, former President Donald Trump.",neutral,quote,democrat,fact,negative,republican
173e389b3d238a2590e2236dbbdd9fb6,52a4cb0839dd9180d2f6507d3b19394d,huffpost,"The video also played clips from Trump’s Madison Square Garden rally last weekend in New York City, which featured comedian Tony Hinchcliffe, who made racist remarks about carving watermelons with a Black man.",negative,fact,republican,fact,negative,republican
635a6668a33407ebe2fa55ca1cacf216,52a4cb0839dd9180d2f6507d3b19394d,huffpost,"In 2008, James endorsed Barack Obama for president and held a free concert with Jay-Z in Cleveland.",neutral,fact,democrat,fact,neutral,democrat
b764f2e7dc8bed1f45cdfa6871228414,52a4cb0839dd9180d2f6507d3b19394d,huffpost,"And in 2016, he campaigned for former Secretary of State Hillary Clinton’s failed bid for the presidency against Trump.",neutral,fact,democrat,fact,neutral,both
606127733f0aed2232c8d8a3bafebd76,52a4cb0839dd9180d2f6507d3b19394d,huffpost,James has made his dislike of Trump clear.,neutral,fact,republican,fact,neutral,republican
a5c58d3984abc8bbef76744000425590,52a4cb0839dd9180d2f6507d3b19394d,huffpost,"In 2018, the NBA all-star said Trump doesn’t “give a fuck about the people.",negative,quote,republican,fact,negative,republican
7634335d22b6aa02345c149a61a6bd55,52a4cb0839dd9180d2f6507d3b19394d,huffpost,”,neutral,quote,neither,other,neutral,neither
b5b8974aef4b5479b3cfdceea7716248,52a4cb0839dd9180d2f6507d3b19394d,huffpost,Your Support Has Never Been More CriticalOther news outlets have retreated behind paywalls.,neutral,other,neither,other,neutral,neither
ea0172b0c080a769b9bc682e23b4f6fa,52a4cb0839dd9180d2f6507d3b19394d,huffpost,"At HuffPost, we believe journalism should be free for everyone.",neutral,other,neither,other,neutral,neither
29b07668e5fb4ea8a6167f4e71c3e0e9,52a4cb0839dd9180d2f6507d3b19394d,huffpost,Would you help us provide essential information to our readers during this critical time?,neutral,other,neither,other,neutral,neither
c0e9fe0b11e21d5a646147b5a2bad1db,52a4cb0839dd9180d2f6507d3b19394d,huffpost,We can't do it without you.,neutral,other,neither,other,neutral,neither
95ec5d1afa129604463842947757347c,52a4cb0839dd9180d2f6507d3b19394d,huffpost,Can't afford to contribute?,neutral,other,neither,other,neutral,neither
b64f608c9015dc1ce7d215240f6a36d2,52a4cb0839dd9180d2f6507d3b19394d,huffpost,by creating a free account and log in while you read.,neutral,other,neither,other,neutral,neither
719dace7965e0badc7c9f3a384cb2e23,52a4cb0839dd9180d2f6507d3b19394d,huffpost,"You've supported HuffPost before, and we'll be honest — we could use your help again.",neutral,other,neither,other,neutral,neither
d28305a8906b318a9c35a7dd10c981fd,52a4cb0839dd9180d2f6507d3b19394d,huffpost,"We view our mission to provide free, fair news as critically important in this crucial moment, and we can't do it without you.",neutral,other,neither,other,neutral,neither
bce482ef3c24dec42cf6aed36459fc65,52a4cb0839dd9180d2f6507d3b19394d,huffpost,"Whether you give once or many more times, we preciate your contribution to keeping our journalism free for all.",neutral,other,neither,other,neutral,neither
a3beb2cc08455c13b6dc8c438ac362a4,52a4cb0839dd9180d2f6507d3b19394d,huffpost,"Whether you give just one more time or sign up again to contribute regularly, we preciate you playing a part in keeping our journalism free for all.",neutral,other,neither,other,neutral,neither
d64e435fbc62c104a44a594cb0640826,52a4cb0839dd9180d2f6507d3b19394d,huffpost,Already contributed?,neutral,other,neither,other,neutral,neither
428b8a0096cebe73080215c7ac3798a9,52a4cb0839dd9180d2f6507d3b19394d,huffpost,Log in to hide these messages.,neutral,other,neither,other,neutral,neither
a2ff5a31993d615a5ea2f8adae8dbcba,52a4cb0839dd9180d2f6507d3b19394d,huffpost,"“The number one job in America, the pointed person, is someone who doesn’t understand the people and really don’t give a fuck about the people,” James said in a video.",negative,quote,republican,quote,negative,neither
198b62dabb079dde425ee923db9bdd53,52a4cb0839dd9180d2f6507d3b19394d,huffpost,"“And this time right now, with the president of the United States, it’s at a bad time.",negative,quote,republican,quote,negative,neither
e1240a7ba0b86e6a240f161c3bb886f3,52a4cb0839dd9180d2f6507d3b19394d,huffpost,"And while we cannot change what comes out of that man’s mouth, we can continue to alert the people that watch us, that listen to us, as this is not the way.”",negative,quote,republican,quote,neutral,neither
78afb4eca7475ca31cee9c303f101d8d,54ef3b87b58a956acad60d7c8c68273a,foxnews,"Tiffany Henyard, the self-anointed ""supermayor"" of a Chicago suburb, is under fire after she threw an $85,000 party that featured R&B singer Keke Wyatt and rper J. Holiday last month, but hardly anyone attended, according to media reports.",negative,fact,neither,fact,negative,democrat
a3439aaacf6ed895a933ff029d072146,54ef3b87b58a956acad60d7c8c68273a,foxnews,"Henyard, the mayor of Dolton, Ilinois, has come under heavy criticism for her spending of taxpayer funds for first-class travel, concerts and more.",negative,fact,neither,fact,negative,democrat
d614e20ce52c089d865dd9a278303c4a,54ef3b87b58a956acad60d7c8c68273a,foxnews,"""That was a flop,"" former Dolton trustee Valeria Stubbs, who went to see the mini-concert for herself at the ""Taste of Thorton Township"" event, told WGN-TV.",negative,quote,neither,fact,negative,democrat
dc09dd1abbfac9e223dc38fa81150791,54ef3b87b58a956acad60d7c8c68273a,foxnews,"POLICE ALLY OF SCANDAL-RIDDEN MAYOR TIFFANY HENYARD INDICTED ON BANKRUPTCY FRAUD CHARGES Tiffany Henyard, mayor of Dolton, Illinois, has come under fire for her excessive spending.",negative,fact,neither,fact,negative,democrat
75ea014862e56d7e75372effe73ab464,54ef3b87b58a956acad60d7c8c68273a,foxnews,"(Fox 32)Wyatt was paid $30,000 to sing for 30 minutes.",neutral,fact,neither,fact,neutral,neither
bc6f7e0ee5466987b075ca48d768efa1,54ef3b87b58a956acad60d7c8c68273a,foxnews,"J. Holiday was paid $20,000 for a half-hour set, according to records obtained by the news outlet through the Freedom of Information Act.",neutral,fact,neither,fact,neutral,neither
e29774c5c60ccee93a53affc46326d71,54ef3b87b58a956acad60d7c8c68273a,foxnews,"The township spent another $6,600 to rent inflatable bounce houses.",neutral,fact,neither,fact,neutral,neither
82fa0a0e831fc387d7ab5b9f232a4e6a,54ef3b87b58a956acad60d7c8c68273a,foxnews,"Other costs included money for comedians, a sound system, staff and equipment.",neutral,fact,neither,fact,neutral,neither
0134cc8335ebe1966829495fa81d0399,54ef3b87b58a956acad60d7c8c68273a,foxnews,"In total, the gig costs taxpayers at least $85,769.",neutral,fact,neither,fact,neutral,neither
47c6b06b1c4f175db193ea4151fef5a7,54ef3b87b58a956acad60d7c8c68273a,foxnews,"""I was flabbergasted,"" Lansing resident Jennifer Robertz told the news outlet.",negative,quote,neither,fact,neutral,neither
0fddbe333a4a4b15bd59c45011dfaa9e,54ef3b87b58a956acad60d7c8c68273a,foxnews,"""I was pissed off.",negative,quote,neither,quote,negative,neither
5f80866ffdad775a801c012ad8549a80,54ef3b87b58a956acad60d7c8c68273a,foxnews,That’s my money.,negative,quote,neither,quote,neutral,neither
8bf9344cb47b7d26a29f11d7a4336cf9,54ef3b87b58a956acad60d7c8c68273a,foxnews,That’s the people’s money.,negative,quote,neither,quote,neutral,neither
767485d0cd21bbaf3c010f2d71597a6a,54ef3b87b58a956acad60d7c8c68273a,foxnews,"""Fox News Digital has reached out to Henyard.",neutral,quote,neither,fact,neutral,democrat
1c4e9c72ec5058e3873c5d083014e86a,54ef3b87b58a956acad60d7c8c68273a,foxnews,"FORMER CHICAGO MAYOR LORI LIGHTFOOT HIRED TO INVESTIGATE SO-CALLED 'WORST MAYOR IN AMERICA' AT $400 AN HOUR Mayor Tiffany Henyard seemed confrontational with the Dolton residents she was elected to represent during a contentious board meeting on Aug. 5, 2024.",negative,fact,democrat,fact,negative,democrat
dfd0e0f630482f1eb2d78cfa10dae880,54ef3b87b58a956acad60d7c8c68273a,foxnews,"(FOX 32 Chicago)Henyard, a Democrat, has feuded with residents and local officials over her excessive spending and corruption allegations.",negative,fact,democrat,fact,negative,democrat
05b4a6e0d4e1d99524ad327be7d5a28f,54ef3b87b58a956acad60d7c8c68273a,foxnews,She recently extended the impasse with the Village of Dolton’s Board of Trustees when she proceeded with a board meeting despite it being postponed by trustees.,negative,fact,neither,fact,neutral,democrat
3e47a9834fa8305cd771822522644578,54ef3b87b58a956acad60d7c8c68273a,foxnews,"At the meeting, she declared that she cleaned up the village despite its finances being plunged into the red.",negative,fact,neither,fact,neutral,democrat
394fe0007271642f41de7f096685d555,54ef3b87b58a956acad60d7c8c68273a,foxnews,"Henyard has vetoed the board's request to launch a federal investigation into her alleged misuse of funds and also vetoed their hiring of former Chicago Mayor Lori Lightfoot, who has been tasked with leading a special investigation into the mayor.",negative,fact,democrat,fact,negative,democrat
4ce728b51d93ce0e06ad2130074981ea,54ef3b87b58a956acad60d7c8c68273a,foxnews,"In May, the board pointed a mayor pro tempore to serve in place of Henyard should she refuse to execute her duties.",neutral,fact,neither,fact,neutral,democrat
93c761d30d8e66f212a3e7de354cad9e,54ef3b87b58a956acad60d7c8c68273a,foxnews,"Lightfoot’s investigation into the town’s financial situation revealed in a preliminary report that Dolton's general fund balance was $5.61 million in 2022, but by May 2024 the balance had dropped to a deficit of $3.65 million.",negative,fact,neither,fact,negative,democrat
e6668c3bab7df09a8b8fcadbb92c400a,54ef3b87b58a956acad60d7c8c68273a,foxnews,Tiffany Henyard enjoyed outfits professionally styled by a fashion expert.,neutral,fact,neither,fact,neutral,democrat
44429cd64a65678aeca633c77c932c16,54ef3b87b58a956acad60d7c8c68273a,foxnews,(stylemebrandon | Instagram/screenshot)Trustees have instituted layoffs and said they are crafting their own budget to try to get the village’s finances in order.,neutral,fact,neither,fact,neutral,neither
c90bdd532a9059139c5de9e7a633bde9,54ef3b87b58a956acad60d7c8c68273a,foxnews,Fox News Digital's Michael Dorgan contributed to this report.,neutral,fact,neither,fact,neutral,neither
e2ec9a1e0f6528d65a64027bbc073cc6,5a7777e32338f5f39463ba65f838b10d,washingtonpost,"In campaigning with former congresswoman Liz Cheney, the Harris campaign believes it is making a play for Republicans who can’t stomach former president Donald Trump.",neutral,fact,democrat,fact,neutral,both
1c0ff8b3786c0ecd3eb562011ca23d54,5a7777e32338f5f39463ba65f838b10d,washingtonpost,"On this week’s episode of “Impromptu,” three of our conservative columnists — Megan McArdle, Jim Geraghty and Ramesh Ponnuru — talk about what they are hearing in their circles and wonder whether Vice President Kamala Harris is missing the mark.",neutral,fact,neither,fact,neutral,democrat
97319720959b63e124d8d539d52cbaf8,5a7777e32338f5f39463ba65f838b10d,washingtonpost,Use the audio player or The Post’s “Impromptu” podcast feed to listen to the entire conversation.,neutral,other,neither,fact,neutral,neither
823525110baaf6494c6fa30540e335f7,5a7777e32338f5f39463ba65f838b10d,washingtonpost,Podcast episodeJim Geraghty:,neutral,other,neither,other,neutral,neither
76e45116b4332f1277d4e224de27b6a3,5a7777e32338f5f39463ba65f838b10d,washingtonpost,"If you’re a center-right Republican, about the only thing the Harris-Walz campaign is offering that might be of interest to you is support for Ukraine.",neutral,opinion,republican,fact,neutral,republican
5a1fe973a2f2376b2eb0c51761e82279,5a7777e32338f5f39463ba65f838b10d,washingtonpost,And it’s not like Harris talks about the need to support Ukraine at great length in any of her rallies.,neutral,fact,democrat,opinion,neutral,democrat
9be900774271765097efe5f7db281440,5a7777e32338f5f39463ba65f838b10d,washingtonpost,"This is an abortion-focused, we’re-gonna-spend-money-everywhere, very-traditional-liberal-Democrat campaign.",neutral,opinion,democrat,opinion,neutral,democrat
d6b6b8586080fbb191d4440dfbbd2a9f,5a7777e32338f5f39463ba65f838b10d,washingtonpost,There’s really not a lot being offered to you in terms of policy.,negative,opinion,republican,opinion,negative,neither
74c29dd6c9a402bd906c36913e91e7b4,5a7777e32338f5f39463ba65f838b10d,washingtonpost,"This is not a Bill Clinton, Democratic Leadership Council, Joe Lieberman type of campaign.",negative,opinion,democrat,opinion,neutral,democrat
5c59177fd945aebf21133cf5614334fe,5a7777e32338f5f39463ba65f838b10d,washingtonpost,And if you’re a conservative who’s alienated from the Trump era — by the Trump-style Republican Party — that would peal to you.,neutral,opinion,republican,opinion,neutral,republican
d5891f2f540bb2c0bd92a79bc29ba858,5a7777e32338f5f39463ba65f838b10d,washingtonpost,But that’s not what’s on offer here.,negative,opinion,democrat,fact,neutral,neither
f8b4f175eddc28c85e0d0436ce84d178,5a7777e32338f5f39463ba65f838b10d,washingtonpost,Ramesh Ponnuru: The Harris campaign has tacked to the center.,neutral,fact,democrat,opinion,neutral,democrat
1cc9e810adbc0717da741ebed82550dc,5a7777e32338f5f39463ba65f838b10d,washingtonpost,"But it’s a very odd tack to the center, which mostly consists of her staff repudiating positions she took during the 2019-2020 presidential primaries without any real explanation of why she has flipped on those issues.",negative,opinion,democrat,opinion,negative,democrat
18139afca3dcecdd904b2b3e0d73ec97,5a7777e32338f5f39463ba65f838b10d,washingtonpost,She has come closer to articulating some kind of explanation for it.,neutral,fact,democrat,opinion,neutral,democrat
7df0afe13ee85e3cd53af1cff9c685ad,5a7777e32338f5f39463ba65f838b10d,washingtonpost,"But without that kind of account, it’s just much harder to trust the durability of this moderate shift.",negative,opinion,democrat,opinion,neutral,neither
1f9ec49ca18ab2ce81a60c35fb03400d,5a7777e32338f5f39463ba65f838b10d,washingtonpost,"Follow Megan McArdleMegan McArdle: Yeah, I think it’s clear from her campaign that she wants to be president.",neutral,opinion,democrat,fact,neutral,democrat
22b02fb6651a85f225b1f92bd2debc2a,5a7777e32338f5f39463ba65f838b10d,washingtonpost,But I don’t think it’s clear that she has reconsidered anything that she did in 2019.,negative,opinion,democrat,opinion,negative,democrat
f6fc72cbcf053a08af59b5eda80fc902,5a7777e32338f5f39463ba65f838b10d,washingtonpost,And I think that a lot of centrist Republicans do have a fear that’s the real Kamala Harris.,negative,opinion,republican,opinion,neutral,both
f437769a26bac662e82c9ef0baaadbf3,5a7777e32338f5f39463ba65f838b10d,washingtonpost,And this business of quietly informing a friendly media reporter that “I don’t believe that anymore” — that’s probably not the best tack to take if you want to get Republicans on board.,negative,opinion,democrat,opinion,neutral,republican
a693d4ed20f77251b41fe8b671b5a5dd,5a7777e32338f5f39463ba65f838b10d,washingtonpost,"That said, I was talking to a conservative movement person the other day, and this person quietly admitted that they were not going vote for Harris because they don’t live in a swing state, but that they would probably be hpier if Harris was elected, and said that a lot of people they know feel that way.",neutral,fact,republican,fact,positive,democrat
4fdcdc4908d8b558fafc2f762bcc218a,5a7777e32338f5f39463ba65f838b10d,washingtonpost,Listen to the full conversation here:Podcast episode,neutral,other,neither,other,neutral,neither
71845c08740efa1bdd9928093210cbd0,60b95c5c9bf307b64af7e4254102a488,huffpost,"The late Queen Elizabeth II thought Donald Trump was “very rude” and “particularly disliked” one of his habits, according to claims from a new book.",negative,opinion,republican,fact,negative,republican
1eac190b0c82e51009ad747432a9bf54,60b95c5c9bf307b64af7e4254102a488,huffpost,"Craig Brown’s A Voyage Around The Queen, which is being serialized in the Daily Mail, suggests the late monarch was irked by the then-U.S. president’s tendency to look over her shoulder while in conversation.",neutral,fact,neither,fact,negative,republican
ffd11b69a73b1542b91a3fa90554a82a,60b95c5c9bf307b64af7e4254102a488,huffpost,"Reportedly, the queen thought it seemed as though he was “in search of others more interesting.",negative,quote,republican,fact,neutral,republican
aa8437a4a8af98d5d80912192e1790b0,60b95c5c9bf307b64af7e4254102a488,huffpost,”,neutral,quote,neither,other,neutral,neither
0c43ccbccf2695004c5bd7211f8d4dc9,60b95c5c9bf307b64af7e4254102a488,huffpost,"The sovereign, who died in September 2022, hosted Trump during two separate visits to Britain.",neutral,fact,neither,fact,neutral,republican
a230c1d48a3e7c5527eb2d2f35d6efb2,60b95c5c9bf307b64af7e4254102a488,huffpost,"Like all members of the Royal Family, the queen was expected to remain olitical at all times and act as the government’s most effective form of “soft diplomacy.",neutral,quote,neither,fact,neutral,neither
6eed8533f671eed9f2dd88d7802e67f1,60b95c5c9bf307b64af7e4254102a488,huffpost,"”But it seems just “weeks after” one of the former president’s U.K. trips, she supposedly “confided in one lunch guest” about what she really thought of Trump.",neutral,borderline,republican,fact,neutral,republican
425c987f3b9e60e8a2e4b2862ad8afab,60b95c5c9bf307b64af7e4254102a488,huffpost,"The late Queen Elizabeth and former US President Donald Trump look on during commemorations for the 75th Anniversary of the D-Day landings at Southsea Common, Portsmouth, England, Wednesday, viaBuckingham Palace has not commented on the claim, as it is custom for the royals not to remark on biogrhies.",neutral,fact,neither,fact,neutral,republican
938e63fbc57c22d9723e64c72fa25e0e,60b95c5c9bf307b64af7e4254102a488,huffpost,The reports will come as a blow to Trump who is currently campaigning to be re-elected to the White House.,negative,fact,republican,opinion,negative,republican
c6bc04763d0d972f166311a074c8c560,60b95c5c9bf307b64af7e4254102a488,huffpost,"He has regularly spoken of his allegedly strong bond with the late monarch, even telling Fox News that they had a “great relationship.",positive,quote,republican,fact,neutral,republican
b501a4c2cf590e4823d547470dfee4e7,60b95c5c9bf307b64af7e4254102a488,huffpost,"”Speaking in 2019, he said: “I think I can say I really got to know her because I sat with her many times and we had automatic chemistry, you understand that feeling, it’s a good feeling.",positive,quote,republican,quote,positive,republican
58ae535e1867df3d2f4d8c8b1338fa4a,60b95c5c9bf307b64af7e4254102a488,huffpost,"”He claimed, “we had a period where we were talking solid, straight, I didn’t even know who the other people at the table were, never spoke to them,” and even added “there are those that say they have never seen the Queen have a better time, a more animated time.",positive,quote,republican,quote,positive,republican
945b454b3add3cdcc71e6c25b63bc6f6,60b95c5c9bf307b64af7e4254102a488,huffpost,"”After protesters campaigned against his 2018 trip – including with a Trump “baby blimp” – the president’s expected state visit was downgraded to a working visit, meaning he had little of the usual pomp and ceremony.",negative,fact,republican,fact,negative,republican
945f77d7b1e1a9849dbd8f9c8a019ee6,60b95c5c9bf307b64af7e4254102a488,huffpost,Trump reportedly broke royal protocol repeatedly during that meeting by walking in front of the Queen and keeping her waiting for 10 minutes.,negative,fact,republican,fact,negative,republican
e0f0a2c8afad033b7ff53858c2f74788,60b95c5c9bf307b64af7e4254102a488,huffpost,But he was allowed a state UK visit the following year – complete with state banquet – and Buckingham Palace said he had been a “model” guest.,neutral,fact,republican,fact,neutral,republican
2de2547f66517437e6e1ad841cd3bc85,6c147f7c40ecbc5277187bed514d7669,usatoday,WASHINGTON -,neutral,other,neither,other,neutral,neither
e6820a9ea29738eb9d8ef58ec19431c4,6c147f7c40ecbc5277187bed514d7669,usatoday,The party votes have been cast: Vice President Kamala Harris is officially the 2024 Democratic presidential nominee — making U.S. history as the first Black woman and first Asian American from a major party to win that designation.,neutral,fact,democrat,fact,positive,democrat
4a82ce6bf99a6d855affa302b6ab981f,6c147f7c40ecbc5277187bed514d7669,usatoday,"Harris secured the Democratic nomination on Friday afternoon, receiving the majority of votes — at least 2,350 — from her party's delegates, just one day after voting opened.",neutral,fact,democrat,fact,neutral,democrat
ebd3e02d9823e002b12a617c4668597e,6c147f7c40ecbc5277187bed514d7669,usatoday,The Democratic National Committee held a livestream video hosted by Biden campaign aides and DNC chairman Jaime Harrison to mark the occasion.,neutral,fact,democrat,fact,neutral,democrat
adb9606a3766e732b1d3ffed3a8f63e2,6c147f7c40ecbc5277187bed514d7669,usatoday,,neutral,quote,neither,other,neutral,neither
c01fbaa4500ea49e9621b82419c02b22,6c147f7c40ecbc5277187bed514d7669,usatoday,"I am honored to be the presumptive Democratic nominee for President of the United States,"" Harris said moments after she passed the delegate threshold during a Democratic party-sponsored livestream phone call.",positive,quote,democrat,fact,positive,democrat
a28a55c591f5b7547c87e3ed6a76b66a,6c147f7c40ecbc5277187bed514d7669,usatoday,"""Your dedication cannot be overstated.",positive,quote,neither,quote,positive,neither
b227cbd1068881362433d9d031216985,6c147f7c40ecbc5277187bed514d7669,usatoday,Your dedication to our country.,positive,quote,neither,quote,neutral,neither
e725080cd3342cb7db44c12098202e3b,6c147f7c40ecbc5277187bed514d7669,usatoday,I know we all feel this way so strongly.,positive,quote,neither,quote,neutral,neither
8e7bd955348de9a8b39fe86b7446296d,6c147f7c40ecbc5277187bed514d7669,usatoday,"We love our country, we believe in the promise of America, and that's what this campaign is about.",positive,quote,neither,quote,neutral,neither
962e621a39a69b418e6ea16c6edfdf53,6c147f7c40ecbc5277187bed514d7669,usatoday,"Harris said she will officially accept the nomination next week, once the virtual voting period concludes on Monday.",neutral,fact,democrat,fact,neutral,democrat
75799c52256a7a009d6defa4594296be,6c147f7c40ecbc5277187bed514d7669,usatoday,"She added that she's looking forward to the Democratic National Convention that begins Aug. 19 in Chicago to ""have an opportunity to celebrate this historic moment together.",positive,quote,democrat,fact,neutral,democrat
5ed633612cca0b80d8e8fee58d4cd4be,6c147f7c40ecbc5277187bed514d7669,usatoday,"Harris, 59, catulted to the top of the ticket after President Joe Biden dropped out of the presidential election on July 21.",neutral,fact,democrat,fact,neutral,democrat
7689b33e9cc81990995cd750c60f0c5b,6c147f7c40ecbc5277187bed514d7669,usatoday,"Harris will go on to face Republican presidential nominee Donald Trump, the 45th president, in November.",neutral,fact,both,fact,neutral,both
78237abe7536c1ca9d9d59ba4a0f5148,6c147f7c40ecbc5277187bed514d7669,usatoday,"Vice President Harris quickly gained the backing of top leaders in her party, including Biden, former President Barack Obama and former First Lady Michelle Obama, Senate Majority Leader Chuck Schumer, House Minority Leader Hakeem Jeffries, and former House Speaker Nancy Pelosi.",neutral,fact,democrat,fact,positive,democrat
e8697b16f7e9bb9041ad02fd574def1b,6c147f7c40ecbc5277187bed514d7669,usatoday,She's also been raking in record-breaking donations less than two weeks into her candidacy.,neutral,fact,democrat,fact,positive,democrat
1edc6d9be839eac7e6112c22fb6d4685,6c147f7c40ecbc5277187bed514d7669,usatoday,The DNC began a virtual roll call on Thursday at 9 a.m. for delegates to vote for Harris as the party’s candidate.,neutral,fact,democrat,fact,neutral,democrat
4e42f6858d12a081a3f02032fbcad14e,6c147f7c40ecbc5277187bed514d7669,usatoday,"Delegates still have until the deadline on Monday, Aug. 5 at 6 p.m.",neutral,fact,democrat,fact,neutral,neither
0c615b06d9d3f1d5f8c125851ada2ecf,6c147f7c40ecbc5277187bed514d7669,usatoday,ET to return their ballots.,neutral,fact,democrat,fact,neutral,neither
f3989bde3429333a3d1b457aa0fc9381,6c147f7c40ecbc5277187bed514d7669,usatoday,"“I am so proud to confirm that Vice President Harris has earned more than a majority of votes from all convention delegates and will be the nominee of the Democratic Party,” Harrison said during the livestream.",positive,quote,democrat,quote,positive,democrat
bcb774113d2a330ace4ba98ea4804b59,6c147f7c40ecbc5277187bed514d7669,usatoday,"He added: “Today, my friends, is special because we can proudly say that we will have the first woman of color at the top of a major party ticket.",positive,quote,democrat,quote,positive,democrat
338da359bc738717afb2706a740e4464,6c147f7c40ecbc5277187bed514d7669,usatoday,"”Even before voting opened, Harris had accumulated more than enough delegate support to win the nomination.",neutral,quote,democrat,fact,positive,democrat
331e81f043e4e413273ab78210be22a7,6c147f7c40ecbc5277187bed514d7669,usatoday,Harris is expected to announce a vice presidential candidate before she is scheduled to pear in Philadelphia on Tuesday with her highly anticipated running mate.,neutral,fact,democrat,fact,neutral,democrat
f05f061efee32d1f1cb580e25c5adc46,6c147f7c40ecbc5277187bed514d7669,usatoday,"Additional stops next week for the duo are planned for western Wisconsin, Detroit, Raleigh, N.C.; Savannah, Ga.; Phoenix and Las Vegas.",neutral,fact,democrat,fact,neutral,neither
8426f11ec9c8b39d30fecd64995d88f2,6c147f7c40ecbc5277187bed514d7669,usatoday,The DNC imposed an Aug. 7 deadline to virtually confirm the party's presidential and vice presidential nominees ahead of the Democratic National Convention later this month.,neutral,fact,democrat,fact,neutral,democrat
195a462c9aa9849fb71b561b0189be3e,6c147f7c40ecbc5277187bed514d7669,usatoday,"With less than 100 days until the election, the race between the two candidates is heating up.",neutral,fact,both,fact,neutral,neither
a97b95286e177163e09f51cbc74d6d9d,6c147f7c40ecbc5277187bed514d7669,usatoday,"Trump, the Republican nominee, and Harris are in a dead heat in several competitive, battleground states.",neutral,fact,both,fact,neutral,both
4a07dc071875894683b927362de1b164,6c147f7c40ecbc5277187bed514d7669,usatoday,The former president has come out swinging against the Democratic candidate.,negative,fact,republican,fact,neutral,both
c45eef0c23cc929e64a7d5c62b87ae69,6c147f7c40ecbc5277187bed514d7669,usatoday,"During a combative interview on Wednesday at the National Association of Black Journalists annual conference, Trump used racist rhetoric towards Harris, questioning her racial identity.",negative,fact,republican,fact,negative,both
878e182acaa80aa2375afcdc28e755fc,6c147f7c40ecbc5277187bed514d7669,usatoday,"Harris, who slammed Trump's remarks, is Black, and of South Asian descent.",neutral,fact,democrat,fact,neutral,both
1f836b4d6f2e821c2b689181d352e8f5,6c147f7c40ecbc5277187bed514d7669,usatoday,Harris is facing an uptick in racist and misogynistic attacks after she became the leading candidate for the Democrats.,negative,fact,democrat,fact,negative,democrat
0f4fa345133b6b1388707c776a11acc3,6c147f7c40ecbc5277187bed514d7669,usatoday,"Trump and GOP allies have labeled Harris as a “DEI candidate” — a talking point using the acronym for diversity, equity and inclusion that conservatives are using to disqualify people of color or women who ascend to positions of power and influence.",negative,fact,republican,fact,neutral,both
5e63d590a0bf65249b07033e23505a13,6c147f7c40ecbc5277187bed514d7669,usatoday,"Days after Harris became the Democratic candidate, a video of Sen. JD Vance, Trump’s running mate, resurfaced that implied Harris was among top Democrats who were “childless cat ladies who are miserable at their own lives and the choices that they’ve made.”",negative,quote,republican,fact,negative,both
42cee76dd728cc19b347aab7fb723472,6c147f7c40ecbc5277187bed514d7669,usatoday,"Vance made those comments during an pearance on Fox News' ""Tucker Carlson Tonight"" in July 2021 while he was running for Ohio's U.S. Senate seat.",negative,fact,republican,fact,neutral,republican
c6974b01cc81c7285dbe0ecf4ab77c1b,6c147f7c40ecbc5277187bed514d7669,usatoday,"He said at the time that “the entire future of the Democrats is controlled by people without children.""",negative,quote,republican,fact,negative,democrat
5601ad5d95a1773d820a0907cd389aa9,6c147f7c40ecbc5277187bed514d7669,usatoday,Harris is the step-mother of two children.,neutral,fact,democrat,fact,neutral,democrat
